,Fecha,Media de espectadores,Seguimientos,Minutos de emisión,Minutos visualizados,Visualizaciones en directo,Espectadores máximos,Espectadores únicos,Espectadores involucrado,Participantes en el chat,Mensajes de chat,Anuncios (minutos),Nuevos espectadores involucrados,Espectadores involucrados que vuelven a tu canal,Total de suscripciones de pago,Total de suscripciones de regalo,dates,dias,daysofweek,meses,años,Retencion,poremicion,horas_emitidas,horas_visualizadas
6,Sat Oct 07 2023,1.69,0,96,162,15,4,7,4,4,29,0.0,2,2,0,0,2023-10-07,7,5,10,2023,1.6875,0.5925925925925926,1.6,2.7
8,Mon Oct 09 2023,3.28,1,124,407,21,5,9,4,4,119,0.0,2,2,0,0,2023-10-09,9,0,10,2023,3.282258064516129,0.3046683046683047,2.066666666666667,6.783333333333333
10,Wed Oct 11 2023,3.78,2,205,772,36,6,9,6,6,100,0.0,1,5,0,0,2023-10-11,11,2,10,2023,3.765853658536585,0.2655440414507772,3.4166666666666665,12.866666666666667
11,Thu Oct 12 2023,1.44,1,112,160,50,4,9,3,5,38,0.0,1,2,0,0,2023-10-12,12,3,10,2023,1.4285714285714286,0.7,1.8666666666666667,2.6666666666666665
15,Mon Oct 16 2023,1.83,0,108,200,18,3,3,2,4,6,0.0,0,2,0,0,2023-10-16,16,0,10,2023,1.8518518518518519,0.54,1.8,3.3333333333333335
16,Tue Oct 17 2023,4.34,7,131,564,28,7,17,9,12,229,0.0,4,5,0,0,2023-10-17,17,1,10,2023,4.305343511450381,0.2322695035460993,2.183333333333333,9.4
18,Thu Oct 19 2023,3.69,1,121,447,33,6,11,4,8,246,0.0,1,3,0,0,2023-10-19,19,3,10,2023,3.6942148760330578,0.27069351230425054,2.0166666666666666,7.45
23,Tue Oct 24 2023,3.41,2,135,461,18,5,9,5,5,231,0.0,2,3,0,0,2023-10-24,24,1,10,2023,3.414814814814815,0.2928416485900217,2.25,7.683333333333334
58,Tue Nov 28 2023,3.54,15,185,655,32,6,13,8,10,270,0.0,5,3,0,0,2023-11-28,28,1,11,2023,3.5405405405405403,0.2824427480916031,3.0833333333333335,10.916666666666666
59,Wed Nov 29 2023,2.78,2,122,339,22,6,13,8,8,146,0.0,3,5,0,0,2023-11-29,29,2,11,2023,2.778688524590164,0.35988200589970504,2.033333333333333,5.65
60,Thu Nov 30 2023,6.12,9,134,814,38,10,22,14,13,70,0.0,10,5,0,0,2023-11-30,30,3,11,2023,6.074626865671642,0.16461916461916462,2.2333333333333334,13.566666666666666
63,Sun Dec 03 2023,7.19,9,156,1115,53,13,33,14,16,456,0.0,8,6,0,0,2023-12-03,3,6,12,2023,7.147435897435898,0.13991031390134528,2.6,18.583333333333332
64,Mon Dec 04 2023,6.07,5,124,753,43,10,22,10,15,225,0.0,4,6,0,0,2023-12-04,4,0,12,2023,6.07258064516129,0.1646746347941567,2.066666666666667,12.55
65,Tue Dec 05 2023,5.53,2,78,431,32,9,15,8,8,158,0.0,1,7,0,0,2023-12-05,5,1,12,2023,5.5256410256410255,0.18097447795823665,1.3,7.183333333333334
66,Wed Dec 06 2023,4.32,13,136,587,29,7,19,9,9,87,0.0,1,8,0,0,2023-12-06,6,2,12,2023,4.3161764705882355,0.23168654173764908,2.2666666666666666,9.783333333333333
67,Thu Dec 07 2023,7.4,2,110,814,33,12,18,13,14,427,6.0,4,9,1,0,2023-12-07,7,3,12,2023,7.4,0.13513513513513514,1.8333333333333333,13.566666666666666
70,Sun Dec 10 2023,6.38,5,74,472,20,9,14,8,11,436,4.5,1,7,0,0,2023-12-10,10,6,12,2023,6.378378378378378,0.15677966101694915,1.2333333333333334,7.866666666666666
71,Mon Dec 11 2023,5.99,1,107,641,17,8,11,3,9,499,4.5,1,2,0,1,2023-12-11,11,0,12,2023,5.990654205607477,0.1669266770670827,1.7833333333333334,10.683333333333334
72,Tue Dec 12 2023,6.36,3,134,858,28,10,16,9,10,264,7.5,1,8,0,0,2023-12-12,12,1,12,2023,6.402985074626866,0.1561771561771562,2.2333333333333334,14.3
73,Wed Dec 13 2023,5.5,2,119,660,27,8,18,10,9,304,6.0,2,8,0,0,2023-12-13,13,2,12,2023,5.546218487394958,0.1803030303030303,1.9833333333333334,11.0
74,Thu Dec 14 2023,3.93,0,152,602,29,6,14,7,9,276,7.5,2,5,0,0,2023-12-14,14,3,12,2023,3.960526315789474,0.25249169435215946,2.533333333333333,10.033333333333333
78,Mon Dec 18 2023,6.02,2,136,819,30,10,15,10,10,531,7.5,3,7,0,0,2023-12-18,18,0,12,2023,6.022058823529412,0.16605616605616605,2.2666666666666666,13.65
79,Tue Dec 19 2023,9.9,15,142,1406,108,65,76,35,25,261,3.0,29,6,1,0,2023-12-19,19,1,12,2023,9.901408450704226,0.10099573257467995,2.3666666666666667,23.433333333333334
80,Wed Dec 20 2023,3.57,1,134,479,29,6,14,5,9,149,3.0,0,5,0,0,2023-12-20,20,2,12,2023,3.574626865671642,0.2797494780793319,2.2333333333333334,7.983333333333333
81,Thu Dec 21 2023,4.2,0,136,571,36,7,19,9,10,218,3.0,1,8,0,0,2023-12-21,21,3,12,2023,4.198529411764706,0.2381786339754816,2.2666666666666666,9.516666666666667
86,Tue Dec 26 2023,6.47,3,140,900,43,11,25,12,12,286,3.0,4,8,0,0,2023-12-26,26,1,12,2023,6.428571428571429,0.15555555555555556,2.3333333333333335,15.0
87,Wed Dec 27 2023,5.6,2,137,762,36,11,15,10,7,264,3.0,3,8,1,0,2023-12-27,27,2,12,2023,5.562043795620438,0.17979002624671916,2.283333333333333,12.7
88,Thu Dec 28 2023,5.05,1,147,742,23,7,12,8,7,156,3.0,0,8,0,0,2023-12-28,28,3,12,2023,5.0476190476190474,0.19811320754716982,2.45,12.366666666666667
91,Sun Dec 31 2023,6.17,2,142,876,47,12,27,13,12,252,3.0,4,9,1,0,2023-12-31,31,6,12,2023,6.169014084507042,0.16210045662100456,2.3666666666666667,14.6
92,Mon Jan 01 2024,6.06,0,120,721,25,9,16,9,9,313,2.0,1,8,0,0,2024-01-01,1,0,1,2024,6.008333333333334,0.1664355062413315,2.0,12.016666666666667
93,Tue Jan 02 2024,6.18,2,130,809,29,9,20,12,11,233,3.0,1,11,0,0,2024-01-02,2,1,1,2024,6.223076923076923,0.16069221260815822,2.1666666666666665,13.483333333333333
94,Wed Jan 03 2024,4.47,2,120,536,18,6,10,7,8,316,2.0,0,7,0,0,2024-01-03,3,2,1,2024,4.466666666666667,0.22388059701492538,2.0,8.933333333333334
95,Thu Jan 04 2024,3.58,2,130,465,33,6,17,9,11,56,3.0,1,8,0,0,2024-01-04,4,3,1,2024,3.576923076923077,0.27956989247311825,2.1666666666666665,7.75
96,Fri Jan 05 2024,6.57,2,130,854,32,10,22,11,10,200,3.0,1,10,0,0,2024-01-05,5,4,1,2024,6.569230769230769,0.1522248243559719,2.1666666666666665,14.233333333333333
97,Sat Jan 06 2024,6.79,1,199,1359,33,9,17,11,10,368,4.0,1,10,0,0,2024-01-06,6,5,1,2024,6.8291457286432165,0.14643119941133187,3.316666666666667,22.65
99,Mon Jan 08 2024,7.38,2,181,1335,33,11,20,10,10,481,3.0,2,8,0,0,2024-01-08,8,0,1,2024,7.375690607734807,0.1355805243445693,3.0166666666666666,22.25
100,Tue Jan 09 2024,7.39,1,202,1500,67,24,41,20,17,599,4.0,6,14,0,0,2024-01-09,9,1,1,2024,7.425742574257426,0.13466666666666666,3.3666666666666667,25.0
101,Wed Jan 10 2024,5.45,1,174,953,39,8,20,9,9,344,3.0,1,8,0,0,2024-01-10,10,2,1,2024,5.477011494252873,0.1825813221406086,2.9,15.883333333333333
102,Thu Jan 11 2024,8.02,1,158,1259,31,12,25,13,13,416,3.0,4,9,0,0,2024-01-11,11,3,1,2024,7.968354430379747,0.1254964257347101,2.6333333333333333,20.983333333333334
105,Sun Jan 14 2024,7.94,1,145,1152,38,11,23,12,14,620,3.0,2,10,0,0,2024-01-14,14,6,1,2024,7.944827586206896,0.12586805555555555,2.4166666666666665,19.2
106,Mon Jan 15 2024,9.35,8,126,1178,60,13,26,19,19,581,2.0,5,14,0,0,2024-01-15,15,0,1,2024,9.34920634920635,0.10696095076400679,2.1,19.633333333333333
108,Wed Jan 17 2024,8.28,1,164,1367,32,11,21,15,15,544,3.0,1,14,0,0,2024-01-17,17,2,1,2024,8.335365853658537,0.11997073884418434,2.7333333333333334,22.783333333333335
109,Thu Jan 18 2024,7.51,0,144,1082,65,13,38,16,19,315,3.0,3,13,0,0,2024-01-18,18,3,1,2024,7.513888888888889,0.133086876155268,2.4,18.033333333333335
110,Fri Jan 19 2024,8.3,1,124,1021,41,11,25,15,12,466,2.0,1,14,0,0,2024-01-19,19,4,1,2024,8.233870967741936,0.12144955925563174,2.066666666666667,17.016666666666666
112,Sun Jan 21 2024,7.11,4,122,868,27,10,22,14,16,337,2.0,1,13,0,0,2024-01-21,21,6,1,2024,7.114754098360656,0.14055299539170507,2.033333333333333,14.466666666666667
113,Mon Jan 22 2024,9.27,0,132,1223,49,13,33,16,16,638,3.0,2,14,0,0,2024-01-22,22,0,1,2024,9.265151515151516,0.10793131643499591,2.2,20.383333333333333
114,Tue Jan 23 2024,9.75,1,152,1473,58,14,32,14,15,567,3.0,0,14,0,0,2024-01-23,23,1,1,2024,9.69078947368421,0.10319076714188731,2.533333333333333,24.55
115,Wed Jan 24 2024,8.56,2,141,1207,38,11,26,16,16,620,3.0,0,16,0,0,2024-01-24,24,2,1,2024,8.560283687943262,0.11681855840927921,2.35,20.116666666666667
116,Thu Jan 25 2024,6.93,0,125,866,59,12,26,14,17,492,2.0,0,14,0,0,2024-01-25,25,3,1,2024,6.928,0.14434180138568128,2.0833333333333335,14.433333333333334
119,Sun Jan 28 2024,10.16,3,127,1290,38,15,27,16,18,644,2.0,3,13,0,0,2024-01-28,28,6,1,2024,10.15748031496063,0.09844961240310078,2.1166666666666667,21.5
120,Mon Jan 29 2024,7.04,2,135,951,35,10,23,15,18,637,3.0,2,13,0,0,2024-01-29,29,0,1,2024,7.044444444444444,0.14195583596214512,2.25,15.85
121,Tue Jan 30 2024,8.25,2,150,1263,64,13,38,17,18,833,3.0,4,13,1,0,2024-01-30,30,1,1,2024,8.42,0.1187648456057007,2.5,21.05
122,Wed Jan 31 2024,5.57,3,173,963,54,9,21,9,12,532,3.0,1,8,0,0,2024-01-31,31,2,1,2024,5.566473988439307,0.17964693665628245,2.8833333333333333,16.05
123,Thu Feb 01 2024,6.46,0,190,1221,37,10,25,14,14,524,4.0,2,12,0,0,2024-02-01,1,3,2,2024,6.426315789473684,0.15561015561015562,3.1666666666666665,20.35
127,Mon Feb 05 2024,8.18,1,128,1031,79,13,36,14,14,379,4.0,3,11,0,0,2024-02-05,5,0,2,2024,8.0546875,0.12415130940834142,2.1333333333333333,17.183333333333334
128,Tue Feb 06 2024,5.88,0,143,841,45,10,19,11,14,629,3.0,0,11,0,0,2024-02-06,6,1,2,2024,5.881118881118881,0.1700356718192628,2.3833333333333333,14.016666666666667
129,Wed Feb 07 2024,7.13,0,177,1255,73,11,27,16,18,844,4.0,0,16,1,1,2024-02-07,7,2,2,2024,7.090395480225989,0.14103585657370518,2.95,20.916666666666668
130,Thu Feb 08 2024,9.99,7,157,1568,189,21,54,29,28,906,5.0,8,21,0,0,2024-02-08,8,3,2,2024,9.987261146496815,0.10012755102040816,2.6166666666666667,26.133333333333333
131,Fri Feb 09 2024,14.05,5,141,1981,95,33,66,26,20,715,2.0,13,13,3,2,2024-02-09,9,4,2,2024,14.049645390070921,0.07117617364967188,2.35,33.016666666666666
132,Sat Feb 10 2024,22.45,19,152,3413,164,39,105,41,31,383,3.0,24,17,0,0,2024-02-10,10,5,2,2024,22.45394736842105,0.04453559917960739,2.533333333333333,56.88333333333333
135,Tue Feb 13 2024,8.67,4,167,1439,93,13,54,23,20,952,3.0,6,17,0,0,2024-02-13,13,1,2,2024,8.616766467065869,0.11605281445448228,2.783333333333333,23.983333333333334
136,Wed Feb 14 2024,12.65,12,165,2088,126,40,88,36,23,809,3.0,20,17,1,0,2024-02-14,14,2,2,2024,12.654545454545454,0.07902298850574713,2.75,34.8
137,Thu Feb 15 2024,7.86,0,129,1006,60,14,43,16,15,186,3.0,3,13,0,0,2024-02-15,15,3,2,2024,7.7984496124031,0.12823061630218688,2.15,16.766666666666666
140,Sun Feb 18 2024,11.85,6,171,2014,112,17,52,21,24,679,3.0,5,16,0,0,2024-02-18,18,6,2,2024,11.777777777777779,0.08490566037735849,2.85,33.56666666666667
141,Mon Feb 19 2024,7.03,2,130,914,51,14,35,20,17,510,3.0,7,13,0,0,2024-02-19,19,0,2,2024,7.030769230769231,0.1422319474835886,2.1666666666666665,15.233333333333333
142,Tue Feb 20 2024,3.59,0,180,647,43,7,24,10,13,333,3.0,3,7,0,0,2024-02-20,20,1,2,2024,3.5944444444444446,0.2782071097372488,3.0,10.783333333333333
143,Wed Feb 21 2024,29.94,24,201,6018,339,69,196,85,32,793,4.0,68,17,0,0,2024-02-21,21,2,2,2024,29.940298507462686,0.03339980059820538,3.35,100.3
144,Thu Feb 22 2024,21.41,17,271,5802,258,32,156,62,31,788,5.0,46,17,1,0,2024-02-22,22,3,2,2024,21.40959409594096,0.04670803171320234,4.516666666666667,96.7
146,Sat Feb 24 2024,10.84,7,183,1972,121,20,89,31,18,652,3.0,11,20,0,0,2024-02-24,24,5,2,2024,10.775956284153006,0.09279918864097363,3.05,32.86666666666667
148,Mon Feb 26 2024,12.78,6,175,2236,155,21,102,32,23,617,3.0,9,23,0,6,2024-02-26,26,0,2,2024,12.777142857142858,0.07826475849731664,2.9166666666666665,37.266666666666666
149,Tue Feb 27 2024,9.52,5,184,1752,119,16,89,24,20,705,3.0,10,14,0,7,2024-02-27,27,1,2,2024,9.521739130434783,0.1050228310502283,3.066666666666667,29.2
150,Wed Feb 28 2024,11.18,5,213,2404,172,20,128,35,24,714,4.0,18,17,1,0,2024-02-28,28,2,2,2024,11.286384976525822,0.08860232945091515,3.55,40.06666666666667
151,Thu Feb 29 2024,9.52,4,139,1323,78,14,62,19,20,535,3.0,3,16,1,0,2024-02-29,29,3,2,2024,9.517985611510792,0.10506424792139078,2.316666666666667,22.05
154,Sun Mar 03 2024,12.89,3,134,1727,95,18,72,28,22,655,3.0,8,20,0,0,2024-03-03,3,6,3,2024,12.888059701492537,0.07759119861030689,2.2333333333333334,28.783333333333335
155,Mon Mar 04 2024,10.94,2,142,1554,80,15,57,28,18,760,3.0,5,23,0,0,2024-03-04,4,0,3,2024,10.943661971830986,0.09137709137709138,2.3666666666666667,25.9
156,Tue Mar 05 2024,13.56,1,165,2238,131,23,81,30,17,648,3.0,11,19,0,0,2024-03-05,5,1,3,2024,13.563636363636364,0.07372654155495978,2.75,37.3
157,Wed Mar 06 2024,9.81,3,178,1746,121,24,76,32,22,679,3.0,11,21,0,0,2024-03-06,6,2,3,2024,9.808988764044944,0.10194730813287514,2.966666666666667,29.1
158,Thu Mar 07 2024,9.99,2,150,1498,101,19,65,26,19,424,3.0,6,20,0,1,2024-03-07,7,3,3,2024,9.986666666666666,0.10013351134846461,2.5,24.966666666666665
160,Sat Mar 09 2024,10.74,1,171,1847,113,17,70,23,21,675,3.0,3,20,2,0,2024-03-09,9,5,3,2024,10.801169590643275,0.09258256632376827,2.85,30.783333333333335
162,Mon Mar 11 2024,12.37,2,155,1930,124,34,86,32,28,1062,3.0,9,23,2,0,2024-03-11,11,0,3,2024,12.451612903225806,0.08031088082901554,2.5833333333333335,32.166666666666664
163,Tue Mar 12 2024,13.88,5,135,1887,103,21,59,28,23,789,3.0,11,17,0,0,2024-03-12,12,1,3,2024,13.977777777777778,0.07154213036565978,2.25,31.45
164,Wed Mar 13 2024,7.42,2,178,1320,74,12,39,14,19,698,3.0,1,13,0,0,2024-03-13,13,2,3,2024,7.415730337078652,0.13484848484848486,2.966666666666667,22.0
165,Thu Mar 14 2024,10.68,4,183,1944,114,18,76,23,24,724,3.0,4,19,0,0,2024-03-14,14,3,3,2024,10.62295081967213,0.0941358024691358,3.05,32.4
169,Mon Mar 18 2024,9.75,4,140,1355,77,14,56,21,17,429,3.0,7,14,0,0,2024-03-18,18,0,3,2024,9.678571428571429,0.1033210332103321,2.3333333333333335,22.583333333333332
173,Fri Mar 22 2024,7.52,1,99,752,77,13,39,13,21,566,2.0,1,12,0,0,2024-03-22,22,4,3,2024,7.595959595959596,0.13164893617021275,1.65,12.533333333333333
174,Sat Mar 23 2024,6.18,1,114,704,34,10,25,8,15,338,2.0,0,8,0,0,2024-03-23,23,5,3,2024,6.175438596491228,0.16193181818181818,1.9,11.733333333333333
175,Sun Mar 24 2024,11.46,3,123,1409,93,19,54,26,22,672,2.0,4,22,0,0,2024-03-24,24,6,3,2024,11.455284552845528,0.08729595457771469,2.05,23.483333333333334
176,Mon Mar 25 2024,6.77,2,122,826,64,10,40,17,21,331,2.0,1,16,0,0,2024-03-25,25,0,3,2024,6.770491803278689,0.14769975786924938,2.033333333333333,13.766666666666667
177,Tue Mar 26 2024,9.92,3,186,1845,118,15,77,25,20,518,3.0,10,15,0,0,2024-03-26,26,1,3,2024,9.919354838709678,0.1008130081300813,3.1,30.75
178,Wed Mar 27 2024,8.87,1,143,1277,125,19,82,27,19,383,3.0,8,19,0,0,2024-03-27,27,2,3,2024,8.93006993006993,0.11198120595144871,2.3833333333333333,21.283333333333335
179,Thu Mar 28 2024,9.36,0,184,1713,92,15,58,23,17,654,3.0,6,17,0,0,2024-03-28,28,3,3,2024,9.309782608695652,0.10741389375364857,3.066666666666667,28.55
182,Sun Mar 31 2024,16.33,10,147,2401,114,23,84,34,30,1110,3.0,13,21,0,0,2024-03-31,31,6,3,2024,16.333333333333332,0.061224489795918366,2.45,40.016666666666666
183,Mon Apr 01 2024,12.39,2,151,1871,85,20,56,26,19,968,3.0,10,16,0,0,2024-04-01,1,0,4,2024,12.390728476821192,0.08070550507749866,2.5166666666666666,31.183333333333334
184,Tue Apr 02 2024,6.43,6,147,945,61,11,36,18,20,733,3.0,6,12,0,0,2024-04-02,2,1,4,2024,6.428571428571429,0.15555555555555556,2.45,15.75
185,Wed Apr 03 2024,9.4,1,141,1325,57,15,37,16,15,454,3.0,5,11,0,0,2024-04-03,3,2,4,2024,9.397163120567376,0.10641509433962264,2.35,22.083333333333332
186,Thu Apr 04 2024,8.5,4,133,1122,85,13,61,16,16,712,3.0,3,13,0,0,2024-04-04,4,3,4,2024,8.436090225563909,0.11853832442067737,2.216666666666667,18.7
190,Mon Apr 08 2024,6.42,2,147,950,75,13,54,18,17,525,3.0,1,17,0,0,2024-04-08,8,0,4,2024,6.462585034013605,0.15473684210526314,2.45,15.833333333333334
191,Tue Apr 09 2024,7.29,1,137,999,71,12,50,18,20,717,3.0,1,17,1,0,2024-04-09,9,1,4,2024,7.291970802919708,0.13713713713713713,2.283333333333333,16.65
193,Thu Apr 11 2024,10.61,0,136,1432,65,15,48,20,21,671,3.0,0,20,2,0,2024-04-11,11,3,4,2024,10.529411764705882,0.09497206703910614,2.2666666666666666,23.866666666666667
198,Tue Apr 16 2024,10.57,1,94,994,55,16,44,19,17,400,2.0,3,16,0,0,2024-04-16,16,1,4,2024,10.574468085106384,0.09456740442655935,1.5666666666666667,16.566666666666666
199,Wed Apr 17 2024,8.31,2,108,889,47,15,36,18,17,365,2.0,4,14,0,0,2024-04-17,17,2,4,2024,8.231481481481481,0.12148481439820022,1.8,14.816666666666666
204,Mon Apr 22 2024,16.57,12,123,2038,138,28,95,38,23,744,2.0,25,13,0,0,2024-04-22,22,0,4,2024,16.56910569105691,0.06035328753680078,2.05,33.96666666666667
207,Thu Apr 25 2024,9.31,8,147,1369,115,23,90,27,26,931,3.0,11,16,0,0,2024-04-25,25,3,4,2024,9.312925170068027,0.10737764791818846,2.45,22.816666666666666
218,Mon May 06 2024,5.22,0,104,548,32,10,22,10,13,541,2.0,0,10,0,0,2024-05-06,6,0,5,2024,5.269230769230769,0.1897810218978102,1.7333333333333334,9.133333333333333
221,Thu May 09 2024,10.35,5,147,1521,66,17,43,20,21,687,3.0,4,16,2,0,2024-05-09,9,3,5,2024,10.346938775510203,0.09664694280078895,2.45,25.35
225,Mon May 13 2024,8.54,0,106,905,53,14,39,16,15,382,2.0,1,15,0,0,2024-05-13,13,0,5,2024,8.537735849056604,0.11712707182320442,1.7666666666666666,15.083333333333334
226,Tue May 14 2024,9.41,7,126,1186,92,17,60,23,22,370,2.0,12,11,0,0,2024-05-14,14,1,5,2024,9.412698412698413,0.10623946037099494,2.1,19.766666666666666
227,Wed May 15 2024,6.28,3,137,861,96,11,51,16,17,423,3.0,4,12,0,0,2024-05-15,15,2,5,2024,6.2846715328467155,0.15911730545876887,2.283333333333333,14.35
228,Thu May 16 2024,9.98,4,118,1178,74,16,57,20,22,343,2.0,5,15,0,0,2024-05-16,16,3,5,2024,9.983050847457626,0.100169779286927,1.9666666666666666,19.633333333333333
232,Mon May 20 2024,6.58,4,101,671,98,12,71,20,22,511,2.0,7,13,0,0,2024-05-20,20,0,5,2024,6.643564356435643,0.15052160953800298,1.6833333333333333,11.183333333333334
234,Wed May 22 2024,11.5,1,117,1345,111,19,73,27,18,348,2.0,10,17,0,0,2024-05-22,22,2,5,2024,11.495726495726496,0.08698884758364313,1.95,22.416666666666668
235,Thu May 23 2024,5.22,0,23,120,24,8,11,6,10,88,1.0,0,6,0,0,2024-05-23,23,3,5,2024,5.217391304347826,0.19166666666666668,0.38333333333333336,2.0
240,Tue May 28 2024,9.37,2,118,1106,80,15,59,23,19,424,2.0,10,13,0,0,2024-05-28,28,1,5,2024,9.372881355932204,0.10669077757685352,1.9666666666666666,18.433333333333334
242,Thu May 30 2024,4.8,0,102,490,41,9,30,7,10,434,2.0,0,7,0,0,2024-05-30,30,3,5,2024,4.803921568627451,0.20816326530612245,1.7,8.166666666666666
247,Tue Jun 04 2024,6.35,3,104,660,47,11,37,13,17,366,2.0,2,11,0,0,2024-06-04,4,1,6,2024,6.346153846153846,0.15757575757575756,1.7333333333333334,11.0
249,Thu Jun 06 2024,8.01,31,97,777,41,13,31,14,15,282,2.0,1,13,0,0,2024-06-06,6,3,6,2024,8.010309278350515,0.12483912483912483,1.6166666666666667,12.95
261,Tue Jun 18 2024,6.8,0,122,830,39,10,22,12,15,489,2.0,0,12,0,0,2024-06-18,18,1,6,2024,6.80327868852459,0.14698795180722893,2.033333333333333,13.833333333333334
262,Wed Jun 19 2024,4.8,1,142,682,37,8,29,13,14,451,3.0,3,10,0,0,2024-06-19,19,2,6,2024,4.802816901408451,0.20821114369501467,2.3666666666666667,11.366666666666667
268,Tue Jun 25 2024,5.61,0,129,724,40,8,30,13,16,136,3.0,0,13,0,0,2024-06-25,25,1,6,2024,5.612403100775194,0.1781767955801105,2.15,12.066666666666666
269,Wed Jun 26 2024,2.62,0,137,361,20,6,17,5,9,62,3.0,0,5,0,0,2024-06-26,26,2,6,2024,2.6350364963503647,0.37950138504155123,2.283333333333333,6.016666666666667
281,Mon Jul 08 2024,4.15,0,178,739,40,7,26,14,14,257,3.0,0,14,0,0,2024-07-08,8,0,7,2024,4.151685393258427,0.2408660351826793,2.966666666666667,12.316666666666666
283,Wed Jul 10 2024,5.53,1,114,625,44,8,28,9,13,198,2.0,2,7,0,0,2024-07-10,10,2,7,2024,5.482456140350878,0.1824,1.9,10.416666666666666
295,Mon Jul 22 2024,6.02,0,121,728,40,9,26,12,17,479,2.0,1,11,0,0,2024-07-22,22,0,7,2024,6.016528925619835,0.1662087912087912,2.0166666666666666,12.133333333333333
297,Wed Jul 24 2024,6.26,0,136,852,54,10,33,13,12,345,3.0,1,12,0,0,2024-07-24,24,2,7,2024,6.264705882352941,0.1596244131455399,2.2666666666666666,14.2
310,Tue Aug 06 2024,6.33,0,128,810,57,11,35,13,14,287,3.0,2,11,0,0,2024-08-06,6,1,8,2024,6.328125,0.1580246913580247,2.1333333333333333,13.5
311,Wed Aug 07 2024,4.4,0,125,550,51,9,22,10,14,175,2.0,2,8,1,0,2024-08-07,7,2,8,2024,4.4,0.22727272727272727,2.0833333333333335,9.166666666666666
312,Thu Aug 08 2024,6.52,0,159,1037,48,11,28,13,17,555,3.0,0,13,0,0,2024-08-08,8,3,8,2024,6.522012578616352,0.15332690453230471,2.65,17.283333333333335
316,Mon Aug 12 2024,3.9,0,144,561,23,7,21,7,10,172,3.0,0,7,0,0,2024-08-12,12,0,8,2024,3.8958333333333335,0.25668449197860965,2.4,9.35
317,Tue Aug 13 2024,4.44,1,129,573,34,7,22,10,15,472,3.0,1,9,0,0,2024-08-13,13,1,8,2024,4.441860465116279,0.225130890052356,2.15,9.55
318,Wed Aug 14 2024,13.63,2,131,1786,90,49,66,32,19,313,3.0,19,13,0,0,2024-08-14,14,2,8,2024,13.633587786259541,0.07334826427771557,2.183333333333333,29.766666666666666
319,Thu Aug 15 2024,5.58,1,87,491,21,9,18,10,10,193,2.0,2,8,0,0,2024-08-15,15,3,8,2024,5.64367816091954,0.17718940936863545,1.45,8.183333333333334
323,Mon Aug 19 2024,4.81,1,131,630,25,8,16,7,9,206,3.0,1,6,0,0,2024-08-19,19,0,8,2024,4.809160305343512,0.20793650793650795,2.183333333333333,10.5
325,Wed Aug 21 2024,6.45,1,97,619,33,11,22,12,15,566,2.0,2,10,0,0,2024-08-21,21,2,8,2024,6.381443298969073,0.1567043618739903,1.6166666666666667,10.316666666666666
330,Mon Aug 26 2024,5.21,1,107,557,26,8,21,8,11,245,2.0,1,7,0,0,2024-08-26,26,0,8,2024,5.205607476635514,0.19210053859964094,1.7833333333333334,9.283333333333333
331,Tue Aug 27 2024,6.18,0,126,779,41,9,29,14,13,517,2.0,1,13,0,0,2024-08-27,27,1,8,2024,6.182539682539683,0.16174582798459564,2.1,12.983333333333333
332,Wed Aug 28 2024,5.22,0,110,579,39,8,26,10,13,321,2.0,0,10,0,0,2024-08-28,28,2,8,2024,5.263636363636364,0.18998272884283246,1.8333333333333333,9.65
333,Thu Aug 29 2024,8.51,0,130,1098,50,12,31,13,14,259,3.0,0,13,0,0,2024-08-29,29,3,8,2024,8.446153846153846,0.11839708561020036,2.1666666666666665,18.3
337,Mon Sep 02 2024,7.18,3,131,940,50,11,27,14,14,539,3.0,2,12,0,0,2024-09-02,2,0,9,2024,7.175572519083969,0.13936170212765958,2.183333333333333,15.666666666666666
339,Wed Sep 04 2024,5.34,0,119,636,30,9,19,10,9,270,2.0,1,9,0,0,2024-09-04,4,2,9,2024,5.34453781512605,0.1871069182389937,1.9833333333333334,10.6
340,Thu Sep 05 2024,8.06,0,120,967,31,11,22,12,13,595,2.0,1,11,0,0,2024-09-05,5,3,9,2024,8.058333333333334,0.12409513960703206,2.0,16.116666666666667
344,Mon Sep 09 2024,10.17,2,115,1170,68,28,49,27,16,650,2.0,7,20,0,0,2024-09-09,9,0,9,2024,10.173913043478262,0.09829059829059829,1.9166666666666667,19.5
345,Tue Sep 10 2024,5.94,1,123,736,44,9,27,12,16,666,2.0,1,11,0,0,2024-09-10,10,1,9,2024,5.983739837398374,0.1671195652173913,2.05,12.266666666666667
346,Wed Sep 11 2024,6.6,0,116,766,32,9,21,10,12,346,2.0,2,8,0,0,2024-09-11,11,2,9,2024,6.603448275862069,0.1514360313315927,1.9333333333333333,12.766666666666667
347,Thu Sep 12 2024,6.18,1,130,803,44,11,28,11,14,721,3.0,0,11,0,0,2024-09-12,12,3,9,2024,6.176923076923077,0.16189290161892902,2.1666666666666665,13.383333333333333
352,Tue Sep 17 2024,7.37,1,129,951,48,16,30,17,16,662,3.0,3,14,0,0,2024-09-17,17,1,9,2024,7.372093023255814,0.13564668769716087,2.15,15.85
354,Thu Sep 19 2024,7.05,2,119,839,36,11,28,11,14,554,2.0,1,10,0,0,2024-09-19,19,3,9,2024,7.050420168067227,0.14183551847437426,1.9833333333333334,13.983333333333333
358,Mon Sep 23 2024,3.25,1,126,410,29,6,18,7,10,365,2.0,0,7,0,0,2024-09-23,23,0,9,2024,3.253968253968254,0.3073170731707317,2.1,6.833333333333333
359,Tue Sep 24 2024,7.52,2,120,902,39,12,29,14,16,319,2.0,5,9,0,0,2024-09-24,24,1,9,2024,7.516666666666667,0.13303769401330376,2.0,15.033333333333333
360,Wed Sep 25 2024,6.93,0,123,852,36,10,21,12,13,521,2.0,0,12,0,0,2024-09-25,25,2,9,2024,6.926829268292683,0.1443661971830986,2.05,14.2
361,Thu Sep 26 2024,6.19,2,135,835,53,10,26,12,17,458,3.0,2,10,0,0,2024-09-26,26,3,9,2024,6.185185185185185,0.16167664670658682,2.25,13.916666666666666
363,Sat Sep 28 2024,13.53,6,201,2733,104,18,58,23,18,449,4.0,6,17,0,0,2024-09-28,28,5,9,2024,13.597014925373134,0.07354555433589462,3.35,45.55
365,Mon Sep 30 2024,5.23,2,146,763,35,9,21,12,10,285,3.0,2,10,0,0,2024-09-30,30,0,9,2024,5.226027397260274,0.1913499344692005,2.433333333333333,12.716666666666667
366,Tue Oct 01 2024,4.96,1,128,635,59,10,30,13,17,375,3.0,2,11,0,0,2024-10-01,1,1,10,2024,4.9609375,0.2015748031496063,2.1333333333333333,10.583333333333334
367,Wed Oct 02 2024,8.04,1,145,1166,57,14,32,19,15,540,3.0,3,16,0,0,2024-10-02,2,2,10,2024,8.041379310344828,0.12435677530017153,2.4166666666666665,19.433333333333334
368,Thu Oct 03 2024,5.25,1,147,772,57,11,30,14,12,276,3.0,1,13,0,0,2024-10-03,3,3,10,2024,5.2517006802721085,0.19041450777202074,2.45,12.866666666666667
372,Mon Oct 07 2024,6.16,0,113,696,60,11,33,11,12,410,2.0,2,9,0,0,2024-10-07,7,0,10,2024,6.15929203539823,0.16235632183908047,1.8833333333333333,11.6
373,Tue Oct 08 2024,5.62,1,130,731,43,9,28,12,12,292,3.0,2,10,0,0,2024-10-08,8,1,10,2024,5.623076923076923,0.17783857729138167,2.1666666666666665,12.183333333333334
374,Wed Oct 09 2024,7.77,0,128,995,58,14,39,11,13,409,3.0,0,11,0,0,2024-10-09,9,2,10,2024,7.7734375,0.12864321608040202,2.1333333333333333,16.583333333333332
375,Thu Oct 10 2024,7.36,1,118,869,72,11,39,11,17,428,2.0,0,11,0,0,2024-10-10,10,3,10,2024,7.364406779661017,0.13578826237054084,1.9666666666666666,14.483333333333333
379,Mon Oct 14 2024,7.68,3,115,875,49,13,31,15,16,314,2.0,2,13,0,0,2024-10-14,14,0,10,2024,7.608695652173913,0.13142857142857142,1.9166666666666667,14.583333333333334
380,Tue Oct 15 2024,5.76,2,102,593,46,9,34,11,9,134,2.0,2,9,0,0,2024-10-15,15,1,10,2024,5.813725490196078,0.17200674536256325,1.7,9.883333333333333
381,Wed Oct 16 2024,5.33,1,103,549,41,9,24,12,14,333,2.0,1,11,0,0,2024-10-16,16,2,10,2024,5.330097087378641,0.18761384335154827,1.7166666666666666,9.15
382,Thu Oct 17 2024,9.71,1,122,1175,54,13,35,16,14,392,2.0,3,13,0,0,2024-10-17,17,3,10,2024,9.631147540983607,0.10382978723404256,2.033333333333333,19.583333333333332
386,Mon Oct 21 2024,9.01,0,132,1189,58,12,32,12,12,444,3.0,1,11,0,0,2024-10-21,21,0,10,2024,9.007575757575758,0.11101766190075694,2.2,19.816666666666666
387,Tue Oct 22 2024,7.64,3,128,978,52,13,30,13,12,425,3.0,1,12,0,0,2024-10-22,22,1,10,2024,7.640625,0.130879345603272,2.1333333333333333,16.3
388,Wed Oct 23 2024,6.76,0,109,744,46,12,31,10,11,405,2.0,0,10,0,0,2024-10-23,23,2,10,2024,6.825688073394495,0.14650537634408603,1.8166666666666667,12.4
389,Thu Oct 24 2024,9.74,3,120,1169,71,15,47,17,14,329,2.0,4,13,0,0,2024-10-24,24,3,10,2024,9.741666666666667,0.10265183917878529,2.0,19.483333333333334
400,Mon Nov 04 2024,6.27,0,123,771,34,9,27,11,14,324,2.0,0,11,0,0,2024-11-04,4,0,11,2024,6.2682926829268295,0.15953307392996108,2.05,12.85
401,Tue Nov 05 2024,8.5,3,116,986,44,14,29,17,16,643,1.0,4,13,0,0,2024-11-05,5,1,11,2024,8.5,0.11764705882352941,1.9333333333333333,16.433333333333334
402,Wed Nov 06 2024,6.02,1,138,831,44,13,30,14,10,274,1.5,2,12,0,0,2024-11-06,6,2,11,2024,6.021739130434782,0.16606498194945848,2.3,13.85
403,Thu Nov 07 2024,6.5,2,133,865,47,11,37,18,13,361,1.5,4,14,0,0,2024-11-07,7,3,11,2024,6.503759398496241,0.15375722543352602,2.216666666666667,14.416666666666666
409,Wed Nov 13 2024,3.97,0,89,353,22,8,17,7,9,350,1.0,2,5,0,0,2024-11-13,13,2,11,2024,3.966292134831461,0.2521246458923513,1.4833333333333334,5.883333333333334
414,Mon Nov 18 2024,8.21,0,112,919,31,12,27,12,12,439,1.0,0,12,0,0,2024-11-18,18,0,11,2024,8.205357142857142,0.12187159956474429,1.8666666666666667,15.316666666666666
415,Tue Nov 19 2024,7.45,3,108,805,54,11,32,15,10,288,1.0,4,11,0,0,2024-11-19,19,1,11,2024,7.453703703703703,0.1341614906832298,1.8,13.416666666666666
416,Wed Nov 20 2024,7.98,0,147,1173,65,11,48,14,13,580,1.5,1,13,0,0,2024-11-20,20,2,11,2024,7.979591836734694,0.12531969309462915,2.45,19.55
417,Thu Nov 21 2024,5.26,0,98,515,42,11,27,11,9,133,1.0,2,9,0,0,2024-11-21,21,3,11,2024,5.255102040816326,0.19029126213592232,1.6333333333333333,8.583333333333334
421,Mon Nov 25 2024,7.14,1,108,771,45,13,34,13,10,131,1.0,6,7,0,0,2024-11-25,25,0,11,2024,7.138888888888889,0.14007782101167315,1.8,12.85
422,Tue Nov 26 2024,8.52,1,119,1014,84,14,57,16,11,531,1.0,6,10,0,0,2024-11-26,26,1,11,2024,8.521008403361344,0.11735700197238659,1.9833333333333334,16.9
423,Wed Nov 27 2024,9.52,2,99,942,93,40,67,23,15,322,1.0,3,20,0,0,2024-11-27,27,2,11,2024,9.515151515151516,0.10509554140127389,1.65,15.7
424,Thu Nov 28 2024,7.29,5,104,758,89,12,56,16,16,450,1.0,2,14,0,0,2024-11-28,28,3,11,2024,7.288461538461538,0.13720316622691292,1.7333333333333334,12.633333333333333
428,Mon Dec 02 2024,7.91,4,104,823,85,15,62,14,15,440,1.0,4,10,0,0,2024-12-02,2,0,12,2024,7.913461538461538,0.12636695018226002,1.7333333333333334,13.716666666666667
429,Tue Dec 03 2024,6.67,2,123,821,75,21,49,14,13,340,1.0,2,12,0,0,2024-12-03,3,1,12,2024,6.67479674796748,0.14981729598051158,2.05,13.683333333333334
430,Wed Dec 04 2024,11.44,0,102,1167,100,55,81,32,16,391,1.0,14,18,0,0,2024-12-04,4,2,12,2024,11.441176470588236,0.08740359897172237,1.7,19.45
431,Thu Dec 05 2024,8.39,0,94,780,65,14,45,14,12,639,1.0,1,13,0,0,2024-12-05,5,3,12,2024,8.297872340425531,0.12051282051282051,1.5666666666666667,13.0
435,Mon Dec 09 2024,10.88,2,101,1121,83,19,58,20,12,592,1.0,9,11,0,0,2024-12-09,9,0,12,2024,11.099009900990099,0.09009812667261374,1.6833333333333333,18.683333333333334
436,Tue Dec 10 2024,4.8,0,101,485,54,8,26,10,8,144,1.0,1,9,0,0,2024-12-10,10,1,12,2024,4.801980198019802,0.20824742268041238,1.6833333333333333,8.083333333333334
438,Thu Dec 12 2024,8.46,1,96,812,47,17,39,14,14,293,1.0,2,12,0,0,2024-12-12,12,3,12,2024,8.458333333333334,0.11822660098522167,1.6,13.533333333333333
442,Mon Dec 16 2024,7.07,1,127,898,62,12,35,17,13,425,1.5,2,15,0,0,2024-12-16,16,0,12,2024,7.070866141732283,0.14142538975501115,2.1166666666666667,14.966666666666667
443,Tue Dec 17 2024,7.51,3,103,766,78,12,53,18,17,463,1.0,5,13,0,0,2024-12-17,17,1,12,2024,7.436893203883495,0.13446475195822455,1.7166666666666666,12.766666666666667
444,Wed Dec 18 2024,5.02,0,121,608,46,10,33,12,14,320,1.0,0,12,0,0,2024-12-18,18,2,12,2024,5.024793388429752,0.19901315789473684,2.0166666666666666,10.133333333333333
445,Thu Dec 19 2024,10.02,1,123,1233,64,17,45,24,20,393,1.0,3,21,0,0,2024-12-19,19,3,12,2024,10.024390243902438,0.09975669099756691,2.05,20.55
449,Mon Dec 23 2024,7.89,0,114,900,37,12,26,11,13,440,1.0,0,11,0,0,2024-12-23,23,0,12,2024,7.894736842105263,0.12666666666666668,1.9,15.0
452,Thu Dec 26 2024,7.28,2,125,903,99,15,48,17,13,351,1.0,1,16,0,0,2024-12-26,26,3,12,2024,7.224,0.13842746400885936,2.0833333333333335,15.05
456,Mon Dec 30 2024,14.16,9,256,3625,158,23,93,30,19,250,2.5,11,19,0,0,2024-12-30,30,0,12,2024,14.16015625,0.07062068965517242,4.266666666666667,60.416666666666664
459,Thu Jan 02 2025,6.17,2,133,815,79,11,59,17,12,391,1.5,2,15,0,0,2025-01-02,2,3,1,2025,6.12781954887218,0.16319018404907976,2.216666666666667,13.583333333333334
463,Mon Jan 06 2025,14.19,0,121,1703,88,20,55,26,17,536,1.0,2,24,0,0,2025-01-06,6,0,1,2025,14.074380165289256,0.07105108631826189,2.0166666666666666,28.383333333333333
464,Tue Jan 07 2025,9.92,4,126,1250,87,17,77,20,15,423,1.0,8,12,0,0,2025-01-07,7,1,1,2025,9.920634920634921,0.1008,2.1,20.833333333333332
465,Wed Jan 08 2025,14.06,1,129,1828,110,52,84,25,17,684,1.5,9,16,0,0,2025-01-08,8,2,1,2025,14.170542635658915,0.07056892778993436,2.15,30.466666666666665
466,Thu Jan 09 2025,8.17,1,117,964,60,13,36,15,12,447,1.0,1,14,0,0,2025-01-09,9,3,1,2025,8.239316239316238,0.12136929460580913,1.95,16.066666666666666
470,Mon Jan 13 2025,9.61,2,128,1230,95,19,66,20,18,377,1.5,5,15,0,0,2025-01-13,13,0,1,2025,9.609375,0.1040650406504065,2.1333333333333333,20.5
472,Wed Jan 15 2025,11.61,1,127,1474,70,19,44,23,14,621,1.5,5,18,0,0,2025-01-15,15,2,1,2025,11.606299212598426,0.08616010854816825,2.1166666666666667,24.566666666666666
473,Thu Jan 16 2025,10.47,2,132,1371,55,16,48,20,13,496,4.0,2,18,0,0,2025-01-16,16,3,1,2025,10.386363636363637,0.0962800875273523,2.2,22.85
477,Mon Jan 20 2025,9.48,1,101,967,56,15,44,18,15,456,3.0,2,16,0,0,2025-01-20,20,0,1,2025,9.574257425742575,0.10444674250258532,1.6833333333333333,16.116666666666667
478,Tue Jan 21 2025,8.35,0,93,777,42,14,36,15,15,385,3.0,0,15,0,0,2025-01-21,21,1,1,2025,8.35483870967742,0.11969111969111969,1.55,12.95
479,Wed Jan 22 2025,9.22,3,134,1236,56,15,42,16,14,512,4.0,4,12,0,0,2025-01-22,22,2,1,2025,9.223880597014926,0.10841423948220065,2.2333333333333334,20.6
480,Thu Jan 23 2025,8.81,1,84,731,49,14,32,13,13,321,2.0,0,13,0,0,2025-01-23,23,3,1,2025,8.702380952380953,0.11491108071135431,1.4,12.183333333333334
484,Mon Jan 27 2025,5.82,2,127,745,73,15,52,15,14,311,4.0,3,12,0,0,2025-01-27,27,0,1,2025,5.866141732283465,0.1704697986577181,2.1166666666666667,12.416666666666666
486,Wed Jan 29 2025,6.39,0,115,729,72,10,49,13,13,433,3.0,3,10,0,0,2025-01-29,29,2,1,2025,6.339130434782609,0.15775034293552812,1.9166666666666667,12.15
492,Tue Feb 04 2025,6.82,0,72,484,35,11,23,10,10,418,2.0,0,10,0,0,2025-02-04,4,1,2,2025,6.722222222222222,0.1487603305785124,1.2,8.066666666666666
498,Mon Feb 10 2025,9.25,2,118,1092,52,13,40,17,14,448,3.0,2,15,0,0,2025-02-10,10,0,2,2025,9.254237288135593,0.10805860805860806,1.9666666666666666,18.2
499,Tue Feb 11 2025,6.45,1,104,671,48,10,37,11,13,219,3.0,2,9,0,0,2025-02-11,11,1,2,2025,6.451923076923077,0.15499254843517138,1.7333333333333334,11.183333333333334
512,Mon Feb 24 2025,9.2,2,85,791,50,14,25,15,15,499,2.0,3,12,0,0,2025-02-24,24,0,2,2025,9.305882352941177,0.10745891276864729,1.4166666666666667,13.183333333333334
514,Wed Feb 26 2025,7.3,2,79,577,50,13,34,11,13,359,2.0,0,11,0,0,2025-02-26,26,2,2,2025,7.30379746835443,0.1369150779896014,1.3166666666666667,9.616666666666667
519,Mon Mar 03 2025,8.3,0,83,681,63,11,50,14,12,248,2.0,1,13,0,0,2025-03-03,3,0,3,2025,8.204819277108435,0.12187958883994127,1.3833333333333333,11.35
520,Tue Mar 04 2025,10.9,3,109,1199,111,69,89,33,17,357,3.0,16,17,0,0,2025-03-04,4,1,3,2025,11.0,0.09090909090909091,1.8166666666666667,19.983333333333334
521,Wed Mar 05 2025,8.35,1,81,676,75,19,50,15,13,279,2.0,4,11,0,0,2025-03-05,5,2,3,2025,8.345679012345679,0.11982248520710059,1.35,11.266666666666667
526,Mon Mar 10 2025,10.98,3,90,988,97,15,64,19,14,532,3.0,2,17,0,0,2025-03-10,10,0,3,2025,10.977777777777778,0.09109311740890688,1.5,16.466666666666665
527,Tue Mar 11 2025,8.0,2,86,688,49,13,36,12,13,390,2.0,1,11,0,0,2025-03-11,11,1,3,2025,8.0,0.125,1.4333333333333333,11.466666666666667
528,Wed Mar 12 2025,10.56,2,115,1204,69,18,57,18,10,634,3.0,6,12,0,0,2025-03-12,12,2,3,2025,10.469565217391304,0.09551495016611296,1.9166666666666667,20.066666666666666
529,Thu Mar 13 2025,9.0,4,97,882,81,16,48,18,16,422,3.0,6,12,0,0,2025-03-13,13,3,3,2025,9.092783505154639,0.10997732426303855,1.6166666666666667,14.7
534,Tue Mar 18 2025,12.6,5,97,1222,75,25,57,21,22,630,3.0,4,17,0,0,2025-03-18,18,1,3,2025,12.597938144329897,0.07937806873977087,1.6166666666666667,20.366666666666667
535,Wed Mar 19 2025,7.59,1,94,706,49,12,35,12,11,332,3.0,2,10,0,0,2025-03-19,19,2,3,2025,7.51063829787234,0.13314447592067988,1.5666666666666667,11.766666666666667
540,Mon Mar 24 2025,9.14,2,97,896,88,19,53,19,16,540,3.0,7,12,0,0,2025-03-24,24,0,3,2025,9.237113402061855,0.10825892857142858,1.6166666666666667,14.933333333333334
542,Wed Mar 26 2025,10.31,1,121,1248,126,17,80,20,18,573,3.0,5,15,0,0,2025-03-26,26,2,3,2025,10.314049586776859,0.09695512820512821,2.0166666666666666,20.8
543,Thu Mar 27 2025,9.71,1,96,942,93,21,59,19,17,445,3.0,3,16,0,0,2025-03-27,27,3,3,2025,9.8125,0.10191082802547771,1.6,15.7
547,Mon Mar 31 2025,7.79,1,94,732,124,15,89,17,17,354,3.0,3,14,0,0,2025-03-31,31,0,3,2025,7.787234042553192,0.1284153005464481,1.5666666666666667,12.2
548,Tue Apr 01 2025,9.16,2,90,834,109,23,83,20,15,424,3.0,6,14,0,0,2025-04-01,1,1,4,2025,9.266666666666667,0.1079136690647482,1.5,13.9
549,Wed Apr 02 2025,8.96,4,124,1111,140,14,77,18,17,457,3.0,6,12,0,0,2025-04-02,2,2,4,2025,8.959677419354838,0.1116111611161116,2.066666666666667,18.516666666666666
550,Thu Apr 03 2025,7.36,0,100,736,80,13,51,13,12,487,3.0,0,13,0,0,2025-04-03,3,3,4,2025,7.36,0.1358695652173913,1.6666666666666667,12.266666666666667
554,Mon Apr 07 2025,9.35,1,116,1085,83,17,56,15,14,706,3.0,3,12,0,0,2025-04-07,7,0,4,2025,9.35344827586207,0.10691244239631337,1.9333333333333333,18.083333333333332
555,Tue Apr 08 2025,13.04,1,116,1513,147,21,73,20,18,758,3.0,5,16,0,0,2025-04-08,8,1,4,2025,13.043103448275861,0.07666886979510905,1.9333333333333333,25.216666666666665
556,Wed Apr 09 2025,7.21,1,89,642,88,10,52,10,10,284,2.0,2,8,0,0,2025-04-09,9,2,4,2025,7.213483146067416,0.13862928348909656,1.4833333333333334,10.7
557,Thu Apr 10 2025,10.86,3,104,1140,100,16,65,19,17,330,3.0,3,16,0,0,2025-04-10,10,3,4,2025,10.961538461538462,0.0912280701754386,1.7333333333333334,19.0
561,Mon Apr 14 2025,13.43,2,89,1195,94,23,73,21,18,461,3.0,8,13,0,0,2025-04-14,14,0,4,2025,13.426966292134832,0.07447698744769875,1.4833333333333334,19.916666666666668
562,Tue Apr 15 2025,6.9,2,87,600,66,13,44,13,14,286,3.0,2,11,0,0,2025-04-15,15,1,4,2025,6.896551724137931,0.145,1.45,10.0
563,Wed Apr 16 2025,7.79,1,107,833,83,13,62,13,13,482,3.0,0,13,0,0,2025-04-16,16,2,4,2025,7.785046728971962,0.12845138055222088,1.7833333333333334,13.883333333333333
564,Thu Apr 17 2025,11.21,1,131,1469,110,18,63,23,16,530,4.0,4,19,0,0,2025-04-17,17,3,4,2025,11.213740458015268,0.08917631041524847,2.183333333333333,24.483333333333334
568,Mon Apr 21 2025,18.41,10,108,2007,158,70,133,37,28,365,3.0,17,20,0,0,2025-04-21,21,0,4,2025,18.583333333333332,0.053811659192825115,1.8,33.45
569,Tue Apr 22 2025,10.08,1,113,1139,67,15,53,13,12,579,6.0,2,11,0,0,2025-04-22,22,1,4,2025,10.079646017699115,0.09920983318700614,1.8833333333333333,18.983333333333334
570,Wed Apr 23 2025,14.01,3,154,2158,165,22,102,24,20,494,7.5,6,18,0,0,2025-04-23,23,2,4,2025,14.012987012987013,0.07136237256719184,2.566666666666667,35.96666666666667
571,Thu Apr 24 2025,9.52,1,147,1400,120,15,84,17,15,286,7.5,1,16,0,0,2025-04-24,24,3,4,2025,9.523809523809524,0.105,2.45,23.333333333333332
575,Mon Apr 28 2025,10.8,3,112,1231,146,18,95,19,14,403,6.0,4,15,0,0,2025-04-28,28,0,4,2025,10.991071428571429,0.09098294069861901,1.8666666666666667,20.516666666666666
576,Tue Apr 29 2025,7.87,1,90,716,93,13,61,17,14,297,4.5,4,13,0,0,2025-04-29,29,1,4,2025,7.955555555555556,0.12569832402234637,1.5,11.933333333333334
577,Wed Apr 30 2025,5.87,0,116,681,70,11,46,9,7,242,6.0,1,8,0,0,2025-04-30,30,2,4,2025,5.870689655172414,0.17033773861967694,1.9333333333333333,11.35
578,Thu May 01 2025,9.23,2,81,748,63,15,51,16,14,471,4.5,5,11,0,0,2025-05-01,1,3,5,2025,9.234567901234568,0.10828877005347594,1.35,12.466666666666667
582,Mon May 05 2025,20.38,4,126,2568,157,32,108,37,16,445,6.0,15,22,0,0,2025-05-05,5,0,5,2025,20.38095238095238,0.04906542056074766,2.1,42.8
583,Tue May 06 2025,5.92,0,52,314,75,15,24,10,10,237,3.0,0,10,0,0,2025-05-06,6,1,5,2025,6.038461538461538,0.16560509554140126,0.8666666666666667,5.233333333333333
584,Wed May 07 2025,13.4,2,177,2371,188,23,111,26,18,565,9.0,8,18,0,0,2025-05-07,7,2,5,2025,13.3954802259887,0.07465204555040067,2.95,39.516666666666666
585,Thu May 08 2025,9.12,2,118,1076,113,17,86,17,18,514,6.0,1,16,0,0,2025-05-08,8,3,5,2025,9.11864406779661,0.10966542750929369,1.9666666666666666,17.933333333333334
589,Mon May 12 2025,10.86,2,104,1129,110,19,72,16,17,492,6.0,1,15,0,0,2025-05-12,12,0,5,2025,10.85576923076923,0.09211691762621789,1.7333333333333334,18.816666666666666
590,Tue May 13 2025,7.92,2,115,911,76,12,47,17,10,240,6.0,7,10,0,0,2025-05-13,13,1,5,2025,7.921739130434783,0.12623490669593854,1.9166666666666667,15.183333333333334
591,Wed May 14 2025,10.72,0,95,1029,72,17,53,18,14,314,4.5,1,17,0,0,2025-05-14,14,2,5,2025,10.83157894736842,0.0923226433430515,1.5833333333333333,17.15
592,Thu May 15 2025,10.1,1,110,1101,84,15,48,15,14,397,6.0,1,14,0,0,2025-05-15,15,3,5,2025,10.00909090909091,0.09990917347865577,1.8333333333333333,18.35
596,Mon May 19 2025,7.04,1,96,676,111,13,71,13,13,429,4.5,2,11,0,0,2025-05-19,19,0,5,2025,7.041666666666667,0.14201183431952663,1.6,11.266666666666667
597,Tue May 20 2025,15.5,4,139,2186,139,25,85,34,14,275,7.5,16,18,0,0,2025-05-20,20,1,5,2025,15.726618705035971,0.06358645928636779,2.316666666666667,36.43333333333333
598,Wed May 21 2025,29.16,7,134,3907,264,76,179,52,24,552,7.5,30,22,0,0,2025-05-21,21,2,5,2025,29.15671641791045,0.0342974148963399,2.2333333333333334,65.11666666666666
599,Thu May 22 2025,14.22,1,148,2105,152,22,97,34,14,359,7.5,15,19,0,0,2025-05-22,22,3,5,2025,14.222972972972974,0.07030878859857483,2.466666666666667,35.083333333333336
603,Mon May 26 2025,5.56,1,124,689,121,11,84,16,10,350,6.0,1,15,0,0,2025-05-26,26,0,5,2025,5.556451612903226,0.1799709724238026,2.066666666666667,11.483333333333333
604,Tue May 27 2025,11.07,4,107,1184,133,20,90,22,18,558,6.0,10,12,0,0,2025-05-27,27,1,5,2025,11.065420560747663,0.09037162162162163,1.7833333333333334,19.733333333333334
605,Wed May 28 2025,8.74,1,116,1014,99,14,76,16,14,470,6.0,2,14,0,0,2025-05-28,28,2,5,2025,8.741379310344827,0.11439842209072978,1.9333333333333333,16.9
606,Thu May 29 2025,7.35,2,126,933,162,13,112,18,16,277,6.0,5,13,0,0,2025-05-29,29,3,5,2025,7.404761904761905,0.13504823151125403,2.1,15.55
610,Mon Jun 02 2025,10.26,0,118,1211,103,18,66,20,16,394,6.0,0,20,0,0,2025-06-02,2,0,6,2025,10.26271186440678,0.09744013212221304,1.9666666666666666,20.183333333333334
611,Tue Jun 03 2025,8.49,1,120,1019,121,14,68,19,13,432,7.5,1,18,0,0,2025-06-03,3,1,6,2025,8.491666666666667,0.11776251226692837,2.0,16.983333333333334
612,Wed Jun 04 2025,12.21,4,159,1929,149,21,103,18,18,635,9.0,2,16,0,0,2025-06-04,4,2,6,2025,12.132075471698114,0.08242612752721618,2.65,32.15
613,Thu Jun 05 2025,6.37,1,97,618,139,21,100,17,13,168,6.0,7,10,0,0,2025-06-05,5,3,6,2025,6.371134020618556,0.156957928802589,1.6166666666666667,10.3
619,Wed Jun 11 2025,6.24,1,149,930,61,10,45,12,13,450,7.5,1,11,0,0,2025-06-11,11,2,6,2025,6.241610738255034,0.16021505376344086,2.4833333333333334,15.5
620,Thu Jun 12 2025,8.46,1,93,787,65,18,51,18,12,261,4.5,3,15,0,0,2025-06-12,12,3,6,2025,8.46236559139785,0.1181702668360864,1.55,13.116666666666667
626,Wed Jun 18 2025,8.51,1,100,842,130,14,100,16,14,378,6.0,2,14,0,0,2025-06-18,18,2,6,2025,8.42,0.1187648456057007,1.6666666666666667,14.033333333333333
627,Thu Jun 19 2025,4.96,0,82,407,49,9,42,7,11,74,4.5,0,7,0,0,2025-06-19,19,3,6,2025,4.963414634146342,0.20147420147420148,1.3666666666666667,6.783333333333333
631,Mon Jun 23 2025,8.17,2,103,842,77,13,60,16,15,383,6.0,4,12,0,0,2025-06-23,23,0,6,2025,8.174757281553399,0.12232779097387174,1.7166666666666666,14.033333333333333
632,Tue Jun 24 2025,9.05,0,94,851,81,15,54,13,12,430,4.5,1,12,0,0,2025-06-24,24,1,6,2025,9.053191489361701,0.11045828437132785,1.5666666666666667,14.183333333333334
633,Wed Jun 25 2025,5.77,0,98,565,40,12,28,9,12,278,6.0,0,9,0,0,2025-06-25,25,2,6,2025,5.76530612244898,0.17345132743362832,1.6333333333333333,9.416666666666666
634,Thu Jun 26 2025,4.64,0,95,436,60,10,44,8,11,198,4.5,2,6,0,0,2025-06-26,26,3,6,2025,4.589473684210526,0.21788990825688073,1.5833333333333333,7.266666666666667
638,Mon Jun 30 2025,11.35,2,75,840,68,30,60,21,14,309,4.5,7,14,0,0,2025-06-30,30,0,6,2025,11.2,0.08928571428571429,1.25,14.0
639,Tue Jul 01 2025,4.32,2,92,397,35,7,25,4,7,341,4.5,0,4,0,0,2025-07-01,1,1,7,2025,4.315217391304348,0.23173803526448364,1.5333333333333334,6.616666666666666
640,Wed Jul 02 2025,10.13,2,77,790,64,16,49,16,13,160,4.5,2,14,0,0,2025-07-02,2,2,7,2025,10.25974025974026,0.09746835443037975,1.2833333333333334,13.166666666666666
641,Thu Jul 03 2025,12.39,6,147,1834,115,25,84,26,19,480,7.5,7,19,0,0,2025-07-03,3,3,7,2025,12.476190476190476,0.08015267175572519,2.45,30.566666666666666
644,Sun Jul 06 2025,33.14,14,274,9079,409,51,253,83,33,1350,13.5,46,37,0,0,2025-07-06,6,6,7,2025,33.13503649635037,0.03017953519110034,4.566666666666666,151.31666666666666
645,Mon Jul 07 2025,7.61,1,78,586,79,12,63,13,10,257,4.5,3,10,0,0,2025-07-07,7,0,7,2025,7.512820512820513,0.13310580204778158,1.3,9.766666666666667
646,Tue Jul 08 2025,9.55,1,106,1012,88,14,69,12,10,406,6.0,2,10,0,0,2025-07-08,8,1,7,2025,9.547169811320755,0.10474308300395258,1.7666666666666666,16.866666666666667
647,Wed Jul 09 2025,12.72,1,183,2328,144,20,97,24,19,775,9.0,5,19,0,0,2025-07-09,9,2,7,2025,12.721311475409836,0.07860824742268041,3.05,38.8
648,Thu Jul 10 2025,8.74,2,114,996,101,13,71,19,15,526,6.0,3,16,0,0,2025-07-10,10,3,7,2025,8.736842105263158,0.1144578313253012,1.9,16.6
652,Mon Jul 14 2025,9.68,1,113,1094,70,15,47,14,11,285,6.0,1,13,0,0,2025-07-14,14,0,7,2025,9.68141592920354,0.10329067641681901,1.8833333333333333,18.233333333333334
653,Tue Jul 15 2025,9.16,0,121,1108,94,13,49,13,13,354,6.0,0,13,0,0,2025-07-15,15,1,7,2025,9.15702479338843,0.1092057761732852,2.0166666666666666,18.466666666666665
654,Wed Jul 16 2025,25.42,3,150,3813,188,108,149,56,16,857,7.5,38,18,0,0,2025-07-16,16,2,7,2025,25.42,0.03933910306845004,2.5,63.55
655,Thu Jul 17 2025,12.08,4,119,1437,81,23,57,19,17,418,6.0,5,14,0,0,2025-07-17,17,3,7,2025,12.07563025210084,0.08281141266527488,1.9833333333333334,23.95
659,Mon Jul 21 2025,6.46,3,82,523,59,10,43,11,11,65,4.5,0,11,0,0,2025-07-21,21,0,7,2025,6.378048780487805,0.15678776290630975,1.3666666666666667,8.716666666666667
660,Tue Jul 22 2025,7.75,1,118,914,61,11,47,10,10,276,6.0,1,9,0,0,2025-07-22,22,1,7,2025,7.745762711864407,0.12910284463894967,1.9666666666666666,15.233333333333333
661,Wed Jul 23 2025,7.34,6,134,983,68,11,50,12,14,523,6.0,3,9,0,0,2025-07-23,23,2,7,2025,7.335820895522388,0.1363173957273652,2.2333333333333334,16.383333333333333
662,Thu Jul 24 2025,8.9,1,104,917,60,12,45,15,10,418,6.0,5,10,0,0,2025-07-24,24,3,7,2025,8.817307692307692,0.1134133042529989,1.7333333333333334,15.283333333333333
666,Mon Jul 28 2025,9.58,1,92,881,60,16,36,19,14,490,6.0,4,15,0,0,2025-07-28,28,0,7,2025,9.576086956521738,0.10442678774120318,1.5333333333333334,14.683333333333334
667,Tue Jul 29 2025,5.16,0,117,604,37,9,24,8,6,368,6.0,0,8,0,0,2025-07-29,29,1,7,2025,5.162393162393163,0.19370860927152317,1.95,10.066666666666666
669,Thu Jul 31 2025,7.48,0,96,718,35,13,26,9,9,227,4.5,0,9,0,0,2025-07-31,31,3,7,2025,7.479166666666667,0.13370473537604458,1.6,11.966666666666667
673,Mon Aug 04 2025,11.63,6,109,1268,80,19,59,25,18,483,6.0,9,16,0,0,2025-08-04,4,0,8,2025,11.63302752293578,0.0859621451104101,1.8166666666666667,21.133333333333333
674,Tue Aug 05 2025,6.78,4,98,658,80,12,52,13,13,230,6.0,2,11,0,0,2025-08-05,5,1,8,2025,6.714285714285714,0.14893617021276595,1.6333333333333333,10.966666666666667
675,Wed Aug 06 2025,5.59,0,111,621,29,9,23,9,11,151,6.0,0,9,0,0,2025-08-06,6,2,8,2025,5.594594594594595,0.178743961352657,1.85,10.35
676,Thu Aug 07 2025,6.57,0,115,755,55,9,37,10,11,223,6.0,0,10,0,0,2025-08-07,7,3,8,2025,6.565217391304348,0.152317880794702,1.9166666666666667,12.583333333333334
687,Mon Aug 18 2025,6.62,1,111,728,37,10,27,11,11,358,6.0,0,11,0,0,2025-08-18,18,0,8,2025,6.558558558558558,0.15247252747252749,1.85,12.133333333333333
688,Tue Aug 19 2025,6.45,1,117,755,68,12,49,18,14,350,6.0,3,15,0,0,2025-08-19,19,1,8,2025,6.452991452991453,0.15496688741721854,1.95,12.583333333333334
689,Wed Aug 20 2025,4.9,0,151,740,60,10,35,11,10,270,9.0,0,11,0,0,2025-08-20,20,2,8,2025,4.900662251655629,0.20405405405405405,2.5166666666666666,12.333333333333334
690,Thu Aug 21 2025,7.24,2,91,659,66,12,42,14,12,235,4.5,4,10,0,0,2025-08-21,21,3,8,2025,7.241758241758242,0.13808801213960548,1.5166666666666666,10.983333333333333
694,Mon Aug 25 2025,20.31,4,99,1990,109,47,88,41,17,224,6.0,24,17,0,0,2025-08-25,25,0,8,2025,20.1010101010101,0.04974874371859297,1.65,33.166666666666664
695,Tue Aug 26 2025,3.53,0,111,392,37,6,33,7,9,163,6.0,0,7,0,0,2025-08-26,26,1,8,2025,3.5315315315315314,0.28316326530612246,1.85,6.533333333333333
696,Wed Aug 27 2025,4.61,2,173,797,81,7,61,7,9,377,9.0,2,5,0,0,2025-08-27,27,2,8,2025,4.606936416184971,0.21706398996235884,2.8833333333333333,13.283333333333333
