Fecha,Media de espectadores,Seguimientos,Minutos de emisión,Minutos visualizados,Visualizaciones en directo,Espectadores máximos,Espectadores únicos,Espectadores involucrado,Anfitriones y espectadores de raids (%),Participantes en el chat,Mensajes de chat,Clips creados,Visualizaciones de clips,Visualizaciones de clips destacados,Visualizaciones de clips no destacados,Anuncios (minutos),Tiempo de publicidad (segundos) por hora,Ingresos por suscripciones,Ingresos de Prime,Ingresos por suscripciones de regalo,Ingresos por suscripciones de regalo de varios meses,Ingresos por Bits,Ingresos por publicidad,Ingresos de Turbo,Ingresos por ventas de juegos,Ingresos de las extensiones,Ingresos por recompensas,Ingresos por otras interacciones con Bits,Nuevos espectadores involucrados,Espectadores involucrados que vuelven a tu canal,Suscripciones a Prime,Total de suscripciones de pago,Suscrip. niv. 1,Suscrip. niv. 2,Suscrip. niv. 3,Total de suscripciones de regalo,Suscripciones regaladas de nivel 1,Suscripciones regaladas de nivel 2,Suscripciones regaladas de nivel 3,Total de suscripciones de regalo de varios meses,Suscripciones de regalo de varios meses de nivel 1,Suscripciones de regalo de varios meses de nivel 2,Suscripciones de regalo de varios meses de nivel 3
Sun Oct 01 2023,0,0,0,0,0,0,0,0,0,0,0,0,0,0,0,0,0,1.02,0,0,0,0,0,0,0,0,0,0,0,0,0,0,0,0,0,0,0,0,0,0,0,0,0
Mon Oct 02 2023,0,0,0,0,0,0,0,0,0,0,0,0,0,0,0,0,0,0,0,0,0,0,0.01,0,0,0,0,0,0,0,0,0,0,0,0,0,0,0,0,0,0,0,0
Tue Oct 03 2023,0,0,0,0,0,0,0,0,0,0,0,0,0,0,0,0,0,0,0,0.85,0,5.17,0.03,0,0,0,0,0,0,0,0,0,0,0,0,0,0,0,0,0,0,0,0
Wed Oct 04 2023,0,0,0,0,0,0,0,0,0,0,0,0,0,0,0,0,0,0,0,0,0,0,0,0,0,0,0,0,0,0,0,0,0,0,0,0,0,0,0,0,0,0,0
Thu Oct 05 2023,0,0,0,0,0,0,0,0,0,0,0,0,0,0,0,0,0,0,0,0,0,0,0.06,0,0,0,0,0,0,0,0,0,0,0,0,0,0,0,0,0,0,0,0
Fri Oct 06 2023,0,0,0,0,0,0,0,0,0,0,0,0,0,0,0,0,0,0,0,0,0,0,0,0,0,0,0,0,0,0,0,0,0,0,0,0,0,0,0,0,0,0,0
Sat Oct 07 2023,1.69,0,96,162,15,4,7,4,0,4,29,0,0,0,0,0,0,0,0,0,0,0,0.07,0,0,0,0,0,2,2,0,0,0,0,0,0,0,0,0,0,0,0,0
Sun Oct 08 2023,0,1,0,0,0,0,0,0,0,0,0,0,0,0,0,0,0,0.94,0,0,0,0.01,0.04,0.01,0,0.04,0,0,0,0,0,0,0,0,0,0,0,0,0,0,0,0,0
Mon Oct 09 2023,3.28,1,124,407,21,5,9,4,0,4,119,0,0,0,0,0,0,0,0,0,0,0,0.01,0,0,0,0,0,2,2,0,0,0,0,0,0,0,0,0,0,0,0,0
Tue Oct 10 2023,0,0,0,0,0,0,0,0,0,0,0,0,0,0,0,0,0,0,0,0,0,0,0.01,0,0,0,0,0,0,0,0,0,0,0,0,0,0,0,0,0,0,0,0
Wed Oct 11 2023,3.78,2,205,772,36,6,9,6,0,6,100,0,0,0,0,0,0,0,0,0,0,0,0,0,0,0,0,0,1,5,0,0,0,0,0,0,0,0,0,0,0,0,0
Thu Oct 12 2023,1.44,1,112,160,50,4,9,3,0,5,38,0,0,0,0,0,0,0,0,0,0,0,0.01,0,0,0.24,0,0,1,2,0,0,0,0,0,0,0,0,0,0,0,0,0
Fri Oct 13 2023,0,1,0,0,0,0,0,0,0,0,0,0,0,0,0,0,0,1.01,0,0,0,0,0.03,0,0,0,0,0,0,0,0,0,0,0,0,0,0,0,0,0,0,0,0
Sat Oct 14 2023,0,2,0,0,0,0,0,0,0,0,0,0,0,0,0,0,0,0,0,0,0,0,0.01,0,0,0,0,0,0,0,0,0,0,0,0,0,0,0,0,0,0,0,0
Sun Oct 15 2023,0,0,0,0,0,0,0,0,0,0,0,0,0,0,0,0,0,0,0,0,0,0,0,0,0,0,0,0,0,0,0,0,0,0,0,0,0,0,0,0,0,0,0
Mon Oct 16 2023,1.83,0,108,200,18,3,3,2,0,4,6,1,0,0,0,0,0,0,0,0,0,0,0,0,0,0,0,0,0,2,0,0,0,0,0,0,0,0,0,0,0,0,0
Tue Oct 17 2023,4.34,7,131,564,28,7,17,9,0,12,229,0,0,0,0,0,0,1.07,0,0,0,0,0.02,0,0,0.68,0,0,4,5,0,0,0,0,0,0,0,0,0,0,0,0,0
Wed Oct 18 2023,0,1,0,0,0,0,0,0,0,0,0,0,0,0,0,0,0,0,0,0,0,0,0,0,0,0,0,0,0,0,0,0,0,0,0,0,0,0,0,0,0,0,0
Thu Oct 19 2023,3.69,1,121,447,33,6,11,4,0,8,246,0,0,0,0,0,0,0,0,0,0,0,0,0,0,0,0,0,1,3,0,0,0,0,0,0,0,0,0,0,0,0,0
Fri Oct 20 2023,0,0,0,0,0,0,0,0,0,0,0,0,0,0,0,0,0,0,0,0,0,0,0,0,0,0,0,0,0,0,0,0,0,0,0,0,0,0,0,0,0,0,0
Sat Oct 21 2023,0,0,0,0,0,0,0,0,0,0,0,0,0,0,0,0,0,0,0,0,0,0,0,0,0,0.2,0,0,0,0,0,0,0,0,0,0,0,0,0,0,0,0,0
Sun Oct 22 2023,0,0,0,0,0,0,0,0,0,0,0,0,0,0,0,0,0,0,0,0,0,0,0.01,0,0,0,0,0,0,0,0,0,0,0,0,0,0,0,0,0,0,0,0
Mon Oct 23 2023,0,1,0,0,0,0,0,0,0,0,0,0,0,0,0,0,0,1,0,0,0,0,0,0,0,0,0,0,0,0,0,0,0,0,0,0,0,0,0,0,0,0,0
Tue Oct 24 2023,3.41,2,135,461,18,5,9,5,0,5,231,0,0,0,0,0,0,0,0,0,0,0,0.01,0,0,0,0,0,2,3,0,0,0,0,0,0,0,0,0,0,0,0,0
Wed Oct 25 2023,0,0,0,0,0,0,0,0,0,0,0,0,0,0,0,0,0,0,0,0,0,4.04,0,0,0,0,0,0,0,0,0,0,0,0,0,0,0,0,0,0,0,0,0
Thu Oct 26 2023,0,1,0,0,0,0,0,0,0,0,0,0,0,0,0,0,0,0,0,0,0,0,0.01,0,0,0,0,0,0,0,0,0,0,0,0,0,0,0,0,0,0,0,0
Fri Oct 27 2023,0,0,0,0,0,0,0,0,0,0,0,0,0,0,0,0,0,0,0,0,0,0,0,0,0,0,0,0,0,0,0,0,0,0,0,0,0,0,0,0,0,0,0
Sat Oct 28 2023,0,0,0,0,0,0,0,0,0,0,0,0,0,0,0,0,0,0,0,0,0,0,0,0,0,0,0,0,0,0,0,0,0,0,0,0,0,0,0,0,0,0,0
Sun Oct 29 2023,0,0,0,0,0,0,0,0,0,1,5,0,0,0,0,0,0,0,0,0,0,0,0.01,0,0,0.04,0,0,0,0,0,0,0,0,0,0,0,0,0,0,0,0,0
Mon Oct 30 2023,0,0,0,0,0,0,0,0,0,0,0,0,0,0,0,0,0,0,0,0,0,0,0,0,0,0,0,0,0,0,0,0,0,0,0,0,0,0,0,0,0,0,0
Tue Oct 31 2023,0,0,0,0,0,0,0,0,0,0,0,0,0,0,0,0,0,0,0,0,0,0,0.02,0,0,0.12,0,0,0,0,0,0,0,0,0,0,0,0,0,0,0,0,0
Wed Nov 01 2023,0,0,0,0,0,0,0,0,0,0,0,0,0,0,0,0,0,0,0,0,0,0,0.01,0,0,0.04,0,0,0,0,0,0,0,0,0,0,0,0,0,0,0,0,0
Thu Nov 02 2023,0,0,0,0,0,0,0,0,0,0,0,0,0,0,0,0,0,0,0,0,0,0,0.02,0,0,0,0,0,0,0,0,0,0,0,0,0,0,0,0,0,0,0,0
Fri Nov 03 2023,0,0,0,0,0,0,0,0,0,0,0,0,0,0,0,0,0,0,0,0,0,0,0,0,0,0,0,0,0,0,0,0,0,0,0,0,0,0,0,0,0,0,0
Sat Nov 04 2023,0,0,0,0,0,0,0,0,0,0,0,0,0,0,0,0,0,0,0,0,0,0,0.01,0,0,0,0,0,0,0,0,0,0,0,0,0,0,0,0,0,0,0,0
Sun Nov 05 2023,0,1,0,0,0,0,0,0,0,0,0,0,0,0,0,0,0,0,0,0,0,0,0,0,0,0,0,0,0,0,0,0,0,0,0,0,0,0,0,0,0,0,0
Mon Nov 06 2023,0,0,0,0,0,0,0,0,0,0,0,0,0,0,0,0,0,0,0,0,0,0,0.02,0,0,0,0,0,0,0,0,0,0,0,0,0,0,0,0,0,0,0,0
Tue Nov 07 2023,0,1,0,0,0,0,0,0,0,0,0,0,0,0,0,0,0,0,0,0,0,0,0.01,0,0,0,0,0,0,0,0,0,0,0,0,0,0,0,0,0,0,0,0
Wed Nov 08 2023,0,1,0,0,0,0,0,0,0,0,0,0,0,0,0,0,0,0,0,0,0,0.03,0.01,0,0,0.28,0,0,0,0,0,0,0,0,0,0,0,0,0,0,0,0,0
Thu Nov 09 2023,0,0,0,0,0,0,0,0,0,0,0,0,0,0,0,0,0,0,0,0,0,0,0,0,0,0,0,0,0,0,0,0,0,0,0,0,0,0,0,0,0,0,0
Fri Nov 10 2023,0,0,0,0,0,0,0,0,0,0,0,0,0,0,0,0,0,0.96,0,0,0,0,0,0,0,0,0,0,0,0,0,0,0,0,0,0,0,0,0,0,0,0,0
Sat Nov 11 2023,0,0,0,0,0,0,0,0,0,0,0,0,0,0,0,0,0,0,0,0,0,0,0.03,0,0,0.04,0,0,0,0,0,0,0,0,0,0,0,0,0,0,0,0,0
Sun Nov 12 2023,0,0,0,0,0,0,0,0,0,0,0,0,0,0,0,0,0,0,0,0,0,0.03,0.01,0,0,0.04,0,0,0,0,0,0,0,0,0,0,0,0,0,0,0,0,0
Mon Nov 13 2023,0,0,0,0,0,0,0,0,0,0,0,0,0,0,0,0,0,0.95,0,0,0,0,0.02,0,0,0,0,0,0,0,0,0,0,0,0,0,0,0,0,0,0,0,0
Tue Nov 14 2023,0,2,0,0,0,0,0,0,0,0,0,0,0,0,0,0,0,0,0,0,0,0,0.01,0,0,0,0,0,0,0,0,0,0,0,0,0,0,0,0,0,0,0,0
Wed Nov 15 2023,0,1,0,0,0,0,0,0,0,0,0,0,0,0,0,0,0,0,0,0,0,0,0.01,0,0,0,0,0,0,0,0,0,0,0,0,0,0,0,0,0,0,0,0
Thu Nov 16 2023,0,0,0,0,0,0,0,0,0,0,0,0,0,0,0,0,0,0,0,0,0,0,0.01,0,0,0,0,0,0,0,0,0,0,0,0,0,0,0,0,0,0,0,0
Fri Nov 17 2023,0,0,0,0,0,0,0,0,0,0,0,0,0,0,0,0,0,0,0,0,0,0,0,0,0,0,0,0,0,0,0,0,0,0,0,0,0,0,0,0,0,0,0
Sat Nov 18 2023,0,0,0,0,0,0,0,0,0,0,0,0,0,0,0,0,0,0,0,0,0,0,0.01,0,0,0,0,0,0,0,0,0,0,0,0,0,0,0,0,0,0,0,0
Sun Nov 19 2023,0,0,0,0,0,0,0,0,0,0,0,0,0,0,0,0,0,0,0,0,0,0,0.01,0,0,0,0,0,0,0,0,0,0,0,0,0,0,0,0,0,0,0,0
Mon Nov 20 2023,0,0,0,0,0,0,0,0,0,0,0,0,0,0,0,0,0,0.94,0,0.77,0,0,0.01,0,0,0,0,0,0,0,0,0,0,0,0,0,0,0,0,0,0,0,0
Tue Nov 21 2023,0,0,0,0,0,0,0,0,0,0,0,0,0,0,0,0,0,0,0,0,0,0,0,0,0,0,0,0,0,0,0,0,0,0,0,0,0,0,0,0,0,0,0
Wed Nov 22 2023,0,0,0,0,0,0,0,0,0,1,2,0,0,0,0,0,0,4.52,0,1.53,0,14.5,0.01,0,0,0,0,0,0,0,0,0,0,0,0,0,0,0,0,0,0,0,0
Thu Nov 23 2023,0,0,0,0,0,0,0,0,0,0,0,0,0,0,0,0,0,0,0,0,0,0,0.04,0,0,0,0,0,0,0,0,0,0,0,0,0,0,0,0,0,0,0,0
Fri Nov 24 2023,0,0,0,0,0,0,0,0,0,0,0,0,0,0,0,0,0,0,0,0,0,0,0.01,0,0,0,0,0,0,0,0,0,0,0,0,0,0,0,0,0,0,0,0
Sat Nov 25 2023,0,0,0,0,0,0,0,0,0,0,0,0,0,0,0,0,0,0,0,0,0,0,0,0,0,0,0,0,0,0,0,0,0,0,0,0,0,0,0,0,0,0,0
Sun Nov 26 2023,0,0,0,0,0,0,0,0,0,0,0,0,0,0,0,0,0,0,0,0,0,0.5,0.01,0,0,0,0,0,0,0,0,0,0,0,0,0,0,0,0,0,0,0,0
Mon Nov 27 2023,0,0,0,0,0,0,0,0,0,0,0,0,0,0,0,0,0,1.25,0,0,0,0,0.03,0,0,0,0,0,0,0,0,0,0,0,0,0,0,0,0,0,0,0,0
Tue Nov 28 2023,3.54,15,185,655,32,6,13,8,0,10,270,0,0,0,0,0,0,0,0,0,0,0,0.01,0,0,0,0,0,5,3,0,0,0,0,0,0,0,0,0,0,0,0,0
Wed Nov 29 2023,2.78,2,122,339,22,6,13,8,0,8,146,0,0,0,0,0,0,0,0,0,0,0,0.05,0,0,4.2,0,0,3,5,0,0,0,0,0,0,0,0,0,0,0,0,0
Thu Nov 30 2023,6.12,9,134,814,38,10,22,14,0,13,70,0,1,0,1,0,0,0,0,0,0,0.47,0.03,0,0,0,0,0,10,5,0,0,0,0,0,0,0,0,0,0,0,0,0
Fri Dec 01 2023,0,2,0,0,0,0,0,0,0,0,0,0,0,0,0,0,0,0,0,0,0,0,0,0,0,0,0,0,0,0,0,0,0,0,0,0,0,0,0,0,0,0,0
Sat Dec 02 2023,0,1,0,0,0,0,0,0,0,0,0,0,0,0,0,0,0,0,0,0,0,0.03,0.2,0,0,0,0,0,0,0,0,0,0,0,0,0,0,0,0,0,0,0,0
Sun Dec 03 2023,7.19,9,156,1115,53,13,33,14,0,16,456,0,0,0,0,0,0,0.81,0,0,0,0.68,0.06,0,0,0,0,0,8,6,0,0,0,0,0,0,0,0,0,0,0,0,0
Mon Dec 04 2023,6.07,5,124,753,43,10,22,10,0,15,225,0,0,0,0,0,0,0,0,0,0,0.03,0.02,0,0,0,0,0,4,6,0,0,0,0,0,0,0,0,0,0,0,0,0
Tue Dec 05 2023,5.53,2,78,431,32,9,15,8,0,8,158,1,0,0,0,0,0,0,0,4.47,0,0.68,0.02,0,0,0,0,0,1,7,0,0,0,0,0,0,0,0,0,0,0,0,0
Wed Dec 06 2023,4.32,13,136,587,29,7,19,9,0,9,87,0,0,0,0,0,0,0,0,5.25,0,2.18,0.03,0,0,0.8,0,0,1,8,0,0,0,0,0,0,0,0,0,0,0,0,0
Thu Dec 07 2023,7.4,2,110,814,33,12,18,13,0,14,427,0,0,0,0,6,196.36,0.96,0,0,0,0.09,0.06,0,0,0,0,0,4,9,0,1,1,0,0,0,0,0,0,0,0,0,0
Fri Dec 08 2023,0,1,0,0,0,0,0,0,0,0,0,0,0,0,0,0,0,0.93,0,0,0,0.36,0.01,0,0,0,0,0,0,0,0,0,0,0,0,0,0,0,0,0,0,0,0
Sat Dec 09 2023,0,0,0,0,0,0,0,0,0,3,31,0,0,0,0,0,0,0,0,0,0,0,0,0,0,0,0,0,0,0,0,0,0,0,0,0,0,0,0,0,0,0,0
Sun Dec 10 2023,6.38,5,74,472,20,9,14,8,0,11,436,2,0,0,0,4.5,218.92,0,0,0,0,0.6,0.02,0,0,0.56,0,0,1,7,0,0,0,0,0,0,0,0,0,0,0,0,0
Mon Dec 11 2023,5.99,1,107,641,17,8,11,3,0,9,499,0,0,0,0,4.5,151.4,0,0,0,0,0.12,0.04,0,0,0,0,0,1,2,0,0,0,0,0,1,1,0,0,0,0,0,0
Tue Dec 12 2023,6.36,3,134,858,28,10,16,9,0,10,264,0,0,0,0,7.5,201.49,0,0,0,0,3.11,0.06,0,0,0,0,0,1,8,0,0,0,0,0,0,0,0,0,0,0,0,0
Wed Dec 13 2023,5.5,2,119,660,27,8,18,10,0,9,304,0,1,0,1,6,181.51,0,0,0,0,1,0.01,0,0,0,0,0,2,8,0,0,0,0,0,0,0,0,0,0,0,0,0
Thu Dec 14 2023,3.93,0,152,602,29,6,14,7,0,9,276,0,0,0,0,7.5,177.63,0,0,0.91,0,0.15,0.02,0,0,0,0,0,2,5,0,0,0,0,0,0,0,0,0,0,0,0,0
Fri Dec 15 2023,0,0,0,0,0,0,0,0,0,0,0,0,0,0,0,0,0,0.93,0,0,0,0,0,0,0,0,0,0,0,0,0,0,0,0,0,0,0,0,0,0,0,0,0
Sat Dec 16 2023,0,0,0,0,0,0,0,0,0,0,0,0,0,0,0,0,0,3.61,0,0,0,0.76,0.03,0,0,0,0,0,0,0,0,0,0,0,0,0,0,0,0,0,0,0,0
Sun Dec 17 2023,0,4,0,0,0,0,0,0,0,0,0,0,0,0,0,0,0,2,0,0,0,7,0.03,0,0,0,0,0,0,0,0,0,0,0,0,0,0,0,0,0,0,0,0
Mon Dec 18 2023,6.02,2,136,819,30,10,15,10,0,10,531,0,0,0,0,7.5,198.53,0,0,0,0,0.18,0.01,0,0,0,0,0,3,7,0,0,0,0,0,0,0,0,0,0,0,0,0
Tue Dec 19 2023,9.9,15,142,1406,108,65,76,35,47.44,25,261,0,0,0,0,3,76.06,0,0,0,0,0,0.01,0,0,0,0,0,29,6,0,1,1,0,0,0,0,0,0,0,0,0,0
Wed Dec 20 2023,3.57,1,134,479,29,6,14,5,0,9,149,0,0,0,0,3,80.6,0,0,0,0,0.03,0.05,0,0,0,0,0,0,5,0,0,0,0,0,0,0,0,0,0,0,0,0
Thu Dec 21 2023,4.2,0,136,571,36,7,19,9,0,10,218,0,0,0,0,3,79.41,0,0,0,0,0,0,0,0,0,0,0,1,8,0,0,0,0,0,0,0,0,0,0,0,0,0
Fri Dec 22 2023,0,0,0,0,0,0,0,0,0,0,0,0,0,0,0,0,0,0,0,0,0,0,0.02,0,0,0,0,0,0,0,0,0,0,0,0,0,0,0,0,0,0,0,0
Sat Dec 23 2023,0,0,0,0,0,0,0,0,0,2,3,0,0,0,0,0,0,0,0,0,0,0,0.01,0,0,0,0,0,0,0,0,0,0,0,0,0,0,0,0,0,0,0,0
Sun Dec 24 2023,0,0,0,0,0,0,0,0,0,0,0,0,0,0,0,0,0,0,1.34,0,0,0,0,0,0,0,0,0,0,0,0,0,0,0,0,0,0,0,0,0,0,0,0
Mon Dec 25 2023,0,0,0,0,0,0,0,0,0,0,0,0,0,0,0,0,0,0,0,0,0,3.6,0.03,0,0,0,0,0,0,0,0,0,0,0,0,0,0,0,0,0,0,0,0
Tue Dec 26 2023,6.47,3,140,900,43,11,25,12,0,12,286,0,0,0,0,3,77.14,0,0,0,0,0.57,0.02,0,0,0,0,0,4,8,0,0,0,0,0,0,0,0,0,0,0,0,0
Wed Dec 27 2023,5.6,2,137,762,36,11,15,10,0,7,264,0,0,0,0,3,78.83,0,0,0,0,0.24,0.02,0,0,0,0,0,3,8,0,1,1,0,0,0,0,0,0,0,0,0,0
Thu Dec 28 2023,5.05,1,147,742,23,7,12,8,0,7,156,0,0,0,0,3,73.47,0,0,0,0,0.03,0.03,0,0,0.04,0,0,0,8,0,0,0,0,0,0,0,0,0,0,0,0,0
Fri Dec 29 2023,0,0,0,0,0,0,0,0,0,0,0,0,0,0,0,0,0,0,0,0,0,0.39,0.03,0,0,0,0,0,0,0,0,0,0,0,0,0,0,0,0,0,0,0,0
Sat Dec 30 2023,0,0,0,0,0,0,0,0,0,0,0,0,0,0,0,0,0,0,0,0,0,0,0.05,0,0,0,0,0,0,0,0,0,0,0,0,0,0,0,0,0,0,0,0
Sun Dec 31 2023,6.17,2,142,876,47,12,27,13,0,12,252,1,3,0,3,3,76.06,0.91,0,0,0,0,0,0,0,0,0,0,4,9,0,1,1,0,0,0,0,0,0,0,0,0,0
Mon Jan 01 2024,6.06,0,120,721,25,9,16,9,0,9,313,0,1,0,0,2,60,0,0,0,0,0,0,0,0,0,0,0,1,8,0,0,0,0,0,0,0,0,0,0,0,0,0
Tue Jan 02 2024,6.18,2,130,809,29,9,20,12,0,11,233,0,0,0,0,3,83.08,0,0,0,0,0.57,0.03,0,0,0,0,0,1,11,0,0,0,0,0,0,0,0,0,0,0,0,0
Wed Jan 03 2024,4.47,2,120,536,18,6,10,7,0,8,316,0,0,0,0,2,60,0,0,0,0,4.3,0.01,0,0,0.04,0,0,0,7,0,0,0,0,0,0,0,0,0,0,0,0,0
Thu Jan 04 2024,3.58,2,130,465,33,6,17,9,0,11,56,0,1,0,0,3,83.08,0,0,0,0,3,0.02,0,0,2.64,0,0,1,8,0,0,0,0,0,0,0,0,0,0,0,0,0
Fri Jan 05 2024,6.57,2,130,854,32,10,22,11,0,10,200,1,0,0,0,3,83.08,0,0,0,0,0,0.03,0,0,0,0,0,1,10,0,0,0,0,0,0,0,0,0,0,0,0,0
Sat Jan 06 2024,6.79,1,199,1359,33,9,17,11,0,10,368,0,0,0,0,4,72.36,0,0,0,0,0,0.02,0,0,0,0,0,1,10,0,0,0,0,0,0,0,0,0,0,0,0,0
Sun Jan 07 2024,0,1,0,0,0,0,0,0,0,0,0,0,0,0,0,0,0,0.94,0,0,0,0,0,0,0,0,0,0,0,0,0,1,1,0,0,0,0,0,0,0,0,0,0
Mon Jan 08 2024,7.38,2,181,1335,33,11,20,10,0,10,481,0,0,0,0,3,59.67,0,0,0,0,0.21,0.03,0,0,0,0,0,2,8,0,0,0,0,0,0,0,0,0,0,0,0,0
Tue Jan 09 2024,7.39,1,202,1500,67,24,41,20,3.2,17,599,0,0,0,0,4,71.29,2.54,0,0,0,0.12,0.06,0,0,0.08,0,0,6,14,0,0,0,0,0,0,0,0,0,0,0,0,0
Wed Jan 10 2024,5.45,1,174,953,39,8,20,9,0,9,344,0,0,0,0,3,62.07,2.02,0,0,0,0.06,0.04,0,0,0.04,0,0,1,8,0,0,0,0,0,0,0,0,0,0,0,0,0
Thu Jan 11 2024,8.02,1,158,1259,31,12,25,13,0,13,416,0,0,0,0,3,68.35,0,0,0,0,0,0.02,0,0,0,0,0,4,9,0,0,0,0,0,0,0,0,0,0,0,0,0
Fri Jan 12 2024,0,0,0,0,0,0,0,0,0,0,0,0,0,0,0,0,0,0,0,0,0,0,0.03,0,0,0,0,0,0,0,0,0,0,0,0,0,0,0,0,0,0,0,0
Sat Jan 13 2024,0,0,0,0,0,0,0,0,0,0,0,0,0,0,0,0,0,0,0,0,0,0,0,0,0,0,0,0,0,0,0,0,0,0,0,0,0,0,0,0,0,0,0
Sun Jan 14 2024,7.94,1,145,1152,38,11,23,12,0,14,620,0,0,0,0,3,74.48,0,0,0,0,0,0,0,0,0,0,0,2,10,0,0,0,0,0,0,0,0,0,0,0,0,0
Mon Jan 15 2024,9.35,8,126,1178,60,13,26,19,0,19,581,0,0,0,0,2,57.14,0,0,0,0,0,0,0,0,0,0,0,5,14,0,0,0,0,0,0,0,0,0,0,0,0,0
Tue Jan 16 2024,0,1,0,0,0,0,0,0,0,0,0,0,0,0,0,0,0,0,0,0,0,0.12,0.12,0.01,0,0,0,0,0,0,0,0,0,0,0,0,0,0,0,0,0,0,0
Wed Jan 17 2024,8.28,1,164,1367,32,11,21,15,0,15,544,0,0,0,0,3,65.85,0,0,0,0,0,0.05,0.01,0,0,0,0,1,14,0,0,0,0,0,0,0,0,0,0,0,0,0
Thu Jan 18 2024,7.51,0,144,1082,65,13,38,16,0,19,315,0,0,0,0,3,75,0,0,0,0,0,0,0,0,0,0,0,3,13,0,0,0,0,0,0,0,0,0,0,0,0,0
Fri Jan 19 2024,8.3,1,124,1021,41,11,25,15,0,12,466,0,0,0,0,2,58.06,0.95,0,0,0,0,0,0,0,0,0,0,1,14,0,0,0,0,0,0,0,0,0,0,0,0,0
Sat Jan 20 2024,0,0,0,0,0,0,0,0,0,1,2,0,0,0,0,0,0,0,0,0,0,0,0,0,0,0,0,0,0,0,0,0,0,0,0,0,0,0,0,0,0,0,0
Sun Jan 21 2024,7.11,4,122,868,27,10,22,14,0,16,337,0,0,0,2,2,59.02,0,0,0,0,0,0.03,0,0,0,0,0,1,13,0,0,0,0,0,0,0,0,0,0,0,0,0
Mon Jan 22 2024,9.27,0,132,1223,49,13,33,16,0,16,638,0,0,0,0,3,81.82,0.95,0,0,0,0,0,0,0,0,0,0,2,14,0,0,0,0,0,0,0,0,0,0,0,0,0
Tue Jan 23 2024,9.75,1,152,1473,58,14,32,14,0,15,567,0,0,0,0,3,71.05,3.81,0,0,0,0.21,0.06,0,0,0.32,0,0,0,14,0,0,0,0,0,0,0,0,0,0,0,0,0
Wed Jan 24 2024,8.56,2,141,1207,38,11,26,16,0,16,620,1,0,0,0,3,76.6,0,0,0,0,0,0,0,0,0,0,0,0,16,0,0,0,0,0,0,0,0,0,0,0,0,0
Thu Jan 25 2024,6.93,0,125,866,59,12,26,14,0,17,492,0,0,0,0,2,57.6,0,0,0,0,0.03,0.04,0,0,0,0,0,0,14,0,0,0,0,0,0,0,0,0,0,0,0,0
Fri Jan 26 2024,0,0,0,0,0,0,0,0,0,0,0,0,0,0,0,0,0,0,0,0,0,0,0.03,0,0,0,0,0,0,0,0,0,0,0,0,0,0,0,0,0,0,0,0
Sat Jan 27 2024,0,0,0,0,0,0,0,0,0,0,0,0,0,0,0,0,0,0,0,0,0,0,0.02,0,0,0,0,0,0,0,0,1,1,0,0,0,0,0,0,0,0,0,0
Sun Jan 28 2024,10.16,3,127,1290,38,15,27,16,0,18,644,0,0,0,0,2,56.69,0,0,0,0,0,0.04,0,0,0.04,0,0,3,13,0,0,0,0,0,0,0,0,0,0,0,0,0
Mon Jan 29 2024,7.04,2,135,951,35,10,23,15,0,18,637,0,0,0,0,3,80,0,0,0,0,0,0,0,0,0,0,0,2,13,0,0,0,0,0,0,0,0,0,0,0,0,0
Tue Jan 30 2024,8.25,2,150,1263,64,13,38,17,0,18,833,1,3,1,2,3,72,0,0,0,0,0.51,0.04,0,0,0,0,0,4,13,0,1,1,0,0,0,0,0,0,0,0,0,0
Wed Jan 31 2024,5.57,3,173,963,54,9,21,9,0,12,532,0,3,3,0,3,62.43,0,0,0,0,0.06,0.02,0.01,0,0,0,0,1,8,0,0,0,0,0,0,0,0,0,0,0,0,0
Thu Feb 01 2024,6.46,0,190,1221,37,10,25,14,0,14,524,0,1,1,0,4,75.79,0,0,0,0,0,0,0,0,0,0,0,2,12,0,0,0,0,0,0,0,0,0,0,0,0,0
Fri Feb 02 2024,0,0,0,0,0,0,0,0,0,0,0,0,0,0,0,0,0,0,0,0,0,0,0.01,0,0,0,0,0,0,0,0,0,0,0,0,0,0,0,0,0,0,0,0
Sat Feb 03 2024,0,2,0,0,0,0,0,0,0,0,0,0,1,1,0,0,0,0.98,0,0,0,0,0,0,0,0,0,0,0,0,0,0,0,0,0,0,0,0,0,0,0,0,0
Sun Feb 04 2024,0,1,0,0,0,0,0,0,0,1,2,0,0,0,0,0,0,0,0,0,0,0,0,0,0,0.12,0,0,0,0,0,0,0,0,0,0,0,0,0,0,0,0,0
Mon Feb 05 2024,8.18,1,128,1031,79,13,36,14,16.29,14,379,0,0,0,0,4,112.5,0,0,0,0,0,0,0,0,0,0,0,3,11,0,0,0,0,0,0,0,0,0,0,0,0,0
Tue Feb 06 2024,5.88,0,143,841,45,10,19,11,0,14,629,5,7,1,4,3,75.52,0,0,0,0,0.23,0.01,0,0,0.4,0,0,0,11,0,0,0,0,0,0,0,0,0,0,0,0,0
Wed Feb 07 2024,7.13,0,177,1255,73,11,27,16,0,18,844,1,0,0,0,4,81.36,0,0,0,0,0,0,0,0,0,0,0,0,16,0,1,1,0,0,1,1,0,0,0,0,0,0
Thu Feb 08 2024,9.99,7,157,1568,189,21,54,29,0,28,906,3,5,2,3,5,114.65,0,0,0,0,0.06,0.03,0,0,0,0,0,8,21,0,0,0,0,0,0,0,0,0,0,0,0,0
Fri Feb 09 2024,14.05,5,141,1981,95,33,66,26,24.28,20,715,1,6,0,2,2,51.06,0.97,0,0,0,0,0,0,0,0,0,0,13,13,0,3,3,0,0,2,2,0,0,0,0,0,0
Sat Feb 10 2024,22.45,19,152,3413,164,39,105,41,2.9,31,383,0,6,2,0,3,71.05,2.54,0,0,0,0,0,0,0,0,0,0,24,17,0,0,0,0,0,0,0,0,0,0,0,0,0
Sun Feb 11 2024,0,3,0,0,0,0,0,0,0,0,0,0,0,0,0,0,0,0,0,0,0,0,0,0,0,0,0,0,0,0,0,0,0,0,0,0,0,0,0,0,0,0,0
Mon Feb 12 2024,0,5,0,0,0,0,0,0,0,1,2,0,0,0,0,0,0,0,0,0,0,0,0.01,0,0,0,0,0,0,0,0,0,0,0,0,0,0,0,0,0,0,0,0
Tue Feb 13 2024,8.67,4,167,1439,93,13,54,23,0,20,952,1,1,1,0,3,64.67,0,0,0,0,0.3,0.01,0,0,0,0,0,6,17,0,0,0,0,0,0,0,0,0,0,0,0,0
Wed Feb 14 2024,12.65,12,165,2088,126,40,88,36,7.81,23,809,1,10,1,2,3,65.45,0,0,0,0,0,0.04,0,0,0,0,0,20,17,0,1,1,0,0,0,0,0,0,0,0,0,0
Thu Feb 15 2024,7.86,0,129,1006,60,14,43,16,0,15,186,0,1,1,0,3,83.72,0,0,0,0,0,0.02,0,0,0,0,0,3,13,0,0,0,0,0,0,0,0,0,0,0,0,0
Fri Feb 16 2024,0,1,0,0,0,0,0,0,0,0,0,0,0,0,0,0,0,0,0,0,0,0,0,0,0,0,0,0,0,0,0,0,0,0,0,0,0,0,0,0,0,0,0
Sat Feb 17 2024,0,0,0,0,0,0,0,0,0,0,0,0,3,0,1,0,0,0.95,0,0,0,0,0,0,0,0,0,0,0,0,0,0,0,0,0,0,0,0,0,0,0,0,0
Sun Feb 18 2024,11.85,6,171,2014,112,17,52,21,0,24,679,1,7,1,4,3,63.16,0,0,0,0,0,0.01,0,0,0.08,0,0,5,16,0,0,0,0,0,0,0,0,0,0,0,0,0
Mon Feb 19 2024,7.03,2,130,914,51,14,35,20,0.88,17,510,0,0,0,0,3,83.08,0,0,0,0,0,0,0,0,0,0,0,7,13,0,0,0,0,0,0,0,0,0,0,0,0,0
Tue Feb 20 2024,3.59,0,180,647,43,7,24,10,0,13,333,0,0,0,0,3,60,0,0,0,0,0,0.01,0,0,0.04,0,0,3,7,0,0,0,0,0,0,0,0,0,0,0,0,0
Wed Feb 21 2024,29.94,24,201,6018,339,69,196,85,2.16,32,793,2,2,0,2,4,71.64,0,0,0,0,0,0,0,0,0,0,0,68,17,0,0,0,0,0,0,0,0,0,0,0,0,0
Thu Feb 22 2024,21.41,17,271,5802,258,32,156,62,0,31,788,1,0,0,0,5,66.42,0,0,0,0,0.09,0.01,0,0,0,0,0,46,17,0,1,1,0,0,0,0,0,0,0,0,0,0
Fri Feb 23 2024,0,0,0,0,0,0,0,0,0,0,0,0,5,0,0,0,0,0,0,0,0,0,0,0,0,0,0,0,0,0,0,0,0,0,0,0,0,0,0,0,0,0,0
Sat Feb 24 2024,10.84,7,183,1972,121,20,89,31,0,18,652,2,2,0,0,3,59.02,0,0,0,0,0,0.01,0,0,0,0,0,11,20,0,0,0,0,0,0,0,0,0,0,0,0,0
Sun Feb 25 2024,0,1,0,0,0,0,0,0,0,0,0,0,1,0,1,0,0,0,0,0,0,0,0,0,0,0,0,0,0,0,0,0,0,0,0,0,0,0,0,0,0,0,0
Mon Feb 26 2024,12.78,6,175,2236,155,21,102,32,0,23,617,0,0,0,0,3,61.71,0,0,0,0,0,0,0.01,0,0,0,0,9,23,0,0,0,0,0,6,6,0,0,0,0,0,0
Tue Feb 27 2024,9.52,5,184,1752,119,16,89,24,0,20,705,1,3,0,1,3,58.7,0,0,0,0,0,0,0,0,0,0,0,10,14,0,0,0,0,0,7,7,0,0,0,0,0,0
Wed Feb 28 2024,11.18,5,213,2404,172,20,128,35,0,24,714,1,10,8,1,4,67.61,0,0,0,0,0.27,0.02,0,0,0,0,0,18,17,0,1,1,0,0,0,0,0,0,0,0,0,0
Thu Feb 29 2024,9.52,4,139,1323,78,14,62,19,0,20,535,1,10,5,0,3,77.7,0.95,0,0,0,0.12,0.01,0.01,0,0,0,0,3,16,0,1,1,0,0,0,0,0,0,0,0,0,0
Fri Mar 01 2024,0,1,0,0,0,0,0,0,0,0,0,0,4,3,1,0,0,0,0,0,0,0.06,0.04,0,0,0,0,0,0,0,0,0,0,0,0,0,0,0,0,0,0,0,0
Sat Mar 02 2024,0,0,0,0,0,0,0,0,0,0,0,0,1,1,0,0,0,0,0,0,0,0,0,0,0,0,0,0,0,0,0,0,0,0,0,0,0,0,0,0,0,0,0
Sun Mar 03 2024,12.89,3,134,1727,95,18,72,28,0,22,655,1,6,5,0,3,80.6,0,0,0,0,0,0.01,0,0,0,0,0,8,20,0,0,0,0,0,0,0,0,0,0,0,0,0
Mon Mar 04 2024,10.94,2,142,1554,80,15,57,28,0,18,760,4,2,1,0,3,76.06,0,0,0,0,0,0.01,0,0,0,0,0,5,23,0,0,0,0,0,0,0,0,0,0,0,0,0
Tue Mar 05 2024,13.56,1,165,2238,131,23,81,30,0,17,648,1,6,5,0,3,65.45,0,0,0,0,0,0.07,0,0,0,0,0,11,19,0,0,0,0,0,0,0,0,0,0,0,0,0
Wed Mar 06 2024,9.81,3,178,1746,121,24,76,32,0,22,679,2,3,1,0,3,60.67,0,0,0,0,0,0.01,0,0,0,0,0,11,21,0,0,0,0,0,0,0,0,0,0,0,0,0
Thu Mar 07 2024,9.99,2,150,1498,101,19,65,26,0,19,424,0,3,0,3,3,72,0,0,0,0,0,0.02,0,0,0,0,0,6,20,0,0,0,0,0,1,1,0,0,0,0,0,0
Fri Mar 08 2024,0,1,0,0,0,0,0,0,0,0,0,0,5,1,0,0,0,0,0,0,0,0.13,0.01,0,0,0,0,0,0,0,0,1,1,0,0,0,0,0,0,0,0,0,0
Sat Mar 09 2024,10.74,1,171,1847,113,17,70,23,0,21,675,3,0,0,0,3,63.16,0,0,0,0,0,0,0,0,0,0,0,3,20,0,2,2,0,0,0,0,0,0,0,0,0,0
Sun Mar 10 2024,0,0,0,0,0,0,0,0,0,1,1,0,0,0,0,0,0,0,0,0,0,0,0,0,0,0,0,0,0,0,0,0,0,0,0,0,0,0,0,0,0,0,0
Mon Mar 11 2024,12.37,2,155,1930,124,34,86,32,0,28,1062,2,11,0,8,3,69.68,0,0,0,0,0,0,0,0,0,0,0,9,23,0,2,2,0,0,0,0,0,0,0,0,0,0
Tue Mar 12 2024,13.88,5,135,1887,103,21,59,28,0,23,789,0,7,10,0,3,80,0,0,0,0,0,0.01,0,0,0,0,0,11,17,0,0,0,0,0,0,0,0,0,0,0,0,0
Wed Mar 13 2024,7.42,2,178,1320,74,12,39,14,0,19,698,2,9,8,0,3,60.67,0,0,0,0,0,0.01,0,0,0,0,0,1,13,0,0,0,0,0,0,0,0,0,0,0,0,0
Thu Mar 14 2024,10.68,4,183,1944,114,18,76,23,0.51,24,724,0,10,9,0,3,59.02,0,0.95,0,0,0,0.03,0,0,0,0,0,4,19,0,0,0,0,0,0,0,0,0,0,0,0,0
Fri Mar 15 2024,0,0,0,0,0,0,0,0,0,0,0,0,1,1,0,0,0,0,0,0,0,0,0.06,0,0,0,0,0,0,0,0,0,0,0,0,0,0,0,0,0,0,0,0
Sat Mar 16 2024,0,0,0,0,0,0,0,0,0,0,0,0,1,1,0,0,0,0,0,0,0,0,0,0,0,0,0,0,0,0,0,0,0,0,0,0,0,0,0,0,0,0,0
Sun Mar 17 2024,0,0,0,0,0,0,0,0,0,0,0,0,2,2,0,0,0,0,0,0,0,0,0,0,0,0,0,0,0,0,0,0,0,0,0,0,0,0,0,0,0,0,0
Mon Mar 18 2024,9.75,4,140,1355,77,14,56,21,0,17,429,6,7,1,1,3,77.14,0,0,0,0,0,0.02,0,0,0,0,0,7,14,0,0,0,0,0,0,0,0,0,0,0,0,0
Tue Mar 19 2024,0,0,0,0,0,0,0,0,0,0,0,0,3,0,0,0,0,0,0,0,0,0,0,0,0,0,0,0,0,0,0,0,0,0,0,0,0,0,0,0,0,0,0
Wed Mar 20 2024,0,0,0,0,0,0,0,0,0,0,0,0,0,0,0,0,0,0,0,0,0,0,0.02,0,0,0,0,0,0,0,1,0,0,0,0,0,0,0,0,0,0,0,0
Thu Mar 21 2024,0,0,0,0,0,0,0,0,0,0,0,0,0,0,0,0,0,0,0,0,0,0,0.01,0,0,0,0,0,0,0,0,0,0,0,0,0,0,0,0,0,0,0,0
Fri Mar 22 2024,7.52,1,99,752,77,13,39,13,0,21,566,2,1,0,0,2,72.73,0.95,0,0,0,0,0,0,0,0,0,0,1,12,0,0,0,0,0,0,0,0,0,0,0,0,0
Sat Mar 23 2024,6.18,1,114,704,34,10,25,8,0,15,338,0,4,0,0,2,63.16,0,0,0,0,0,0.01,0,0,0,0,0,0,8,0,0,0,0,0,0,0,0,0,0,0,0,0
Sun Mar 24 2024,11.46,3,123,1409,93,19,54,26,0,22,672,1,1,0,1,2,58.54,0,0,0,0,0,0.03,0,0,0,0,0,4,22,0,0,0,0,0,0,0,0,0,0,0,0,0
Mon Mar 25 2024,6.77,2,122,826,64,10,40,17,0,21,331,1,0,0,0,2,59.02,0,0,0,0,0,0.01,0,0,0,0,0,1,16,0,0,0,0,0,0,0,0,0,0,0,0,0
Tue Mar 26 2024,9.92,3,186,1845,118,15,77,25,0,20,518,1,0,0,0,3,58.06,0,0,0,0,0,0.01,0,0,0,0,0,10,15,0,0,0,0,0,0,0,0,0,0,0,0,0
Wed Mar 27 2024,8.87,1,143,1277,125,19,82,27,0,19,383,1,1,0,1,3,75.52,0,0,0,0,0,0,0,0,0,0,0,8,19,0,0,0,0,0,0,0,0,0,0,0,0,0
Thu Mar 28 2024,9.36,0,184,1713,92,15,58,23,0,17,654,0,5,0,0,3,58.7,0,0,0,0,0,0,0,0,0,0,0,6,17,0,0,0,0,0,0,0,0,0,0,0,0,0
Fri Mar 29 2024,0,0,0,0,0,0,0,0,0,0,0,1,0,0,0,0,0,0,0,0,0,0,0.04,0,0,0.6,0,0,0,0,0,1,1,0,0,0,0,0,0,0,0,0,0
Sat Mar 30 2024,0,0,0,0,0,0,0,0,0,0,0,0,1,1,0,0,0,0.96,0,0,0,0,0.01,0,0,0,0,0,0,0,0,0,0,0,0,0,0,0,0,0,0,0,0
Sun Mar 31 2024,16.33,10,147,2401,114,23,84,34,1.04,30,1110,3,2,2,0,3,73.47,0,0,0,0,0,0.01,0,0,0,0,0,13,21,0,0,0,0,0,0,0,0,0,0,0,0,0
Mon Apr 01 2024,12.39,2,151,1871,85,20,56,26,0,19,968,2,0,0,0,3,71.52,0,0,0,0,0,0.01,0,0,0,0,0,10,16,0,0,0,0,0,0,0,0,0,0,0,0,0
Tue Apr 02 2024,6.43,6,147,945,61,11,36,18,0,20,733,0,3,0,3,3,73.47,0,0,0,0,0,0,0,0,0,0,0,6,12,0,0,0,0,0,0,0,0,0,0,0,0,0
Wed Apr 03 2024,9.4,1,141,1325,57,15,37,16,0,15,454,0,0,0,0,3,76.6,0,0,0,0,0,0.02,0,0,0,0,0,5,11,0,0,0,0,0,0,0,0,0,0,0,0,0
Thu Apr 04 2024,8.5,4,133,1122,85,13,61,16,0,16,712,0,5,1,4,3,81.2,0,0,0,0,0,0,0,0,0,0,0,3,13,0,0,0,0,0,0,0,0,0,0,0,0,0
Fri Apr 05 2024,0,0,0,0,0,0,0,0,0,0,0,0,0,0,0,0,0,0,0,0,0,0,0.05,0,0,0,0,0,0,0,0,0,0,0,0,0,0,0,0,0,0,0,0
Sat Apr 06 2024,0,0,0,0,0,0,0,0,0,0,0,0,0,0,0,0,0,0,0,0,0,0,0.01,0,0,0,0,0,0,0,0,0,0,0,0,0,0,0,0,0,0,0,0
Sun Apr 07 2024,0,0,0,0,0,0,0,0,0,0,0,0,0,0,0,0,0,0,0,0,0,0,0.02,0,0,0,0,0,0,0,0,1,1,0,0,0,0,0,0,0,0,0,0
Mon Apr 08 2024,6.42,2,147,950,75,13,54,18,0,17,525,0,0,0,0,3,73.47,0,0.95,0,0,0.05,0.01,0,0,0,0,0,1,17,0,0,0,0,0,0,0,0,0,0,0,0,0
Tue Apr 09 2024,7.29,1,137,999,71,12,50,18,0,20,717,1,3,0,0,3,78.83,0,0,0,0,0,0.01,0,0,0,0,0,1,17,0,1,1,0,0,0,0,0,0,0,0,0,0
Wed Apr 10 2024,0,0,0,0,0,0,0,0,0,0,0,0,0,0,0,0,0,0,0,0,0,0,0.03,0,0,0,0,0,0,0,0,0,0,0,0,0,0,0,0,0,0,0,0
Thu Apr 11 2024,10.61,0,136,1432,65,15,48,20,0,21,671,1,1,1,0,3,79.41,0,0,0,0,0,0,0,0,0,0,0,0,20,0,2,2,0,0,0,0,0,0,0,0,0,0
Fri Apr 12 2024,0,1,0,0,0,0,0,0,0,0,0,0,7,0,0,0,0,0,0,0,0,0,0,0,0,0,0,0,0,0,0,0,0,0,0,0,0,0,0,0,0,0,0
Sat Apr 13 2024,0,1,0,0,0,0,0,0,0,0,0,0,2,2,0,0,0,0,0,0,0,0,0.04,0,0,0,0,0,0,0,0,0,0,0,0,0,0,0,0,0,0,0,0
Sun Apr 14 2024,0,0,0,0,0,0,0,0,0,0,0,0,1,1,0,0,0,0,0,0,0,0,0.01,0,0,0,0,0,0,0,0,0,0,0,0,0,0,0,0,0,0,0,0
Mon Apr 15 2024,0,0,0,0,0,0,0,0,0,0,0,0,0,0,0,0,0,0,0,0,0,0,0.01,0,0,0,0,0,0,0,0,0,0,0,0,0,0,0,0,0,0,0,0
Tue Apr 16 2024,10.57,1,94,994,55,16,44,19,0,17,400,2,3,0,1,2,76.6,0,0,0,0,0,0.05,0,0,0,0,0,3,16,0,0,0,0,0,0,0,0,0,0,0,0,0
Wed Apr 17 2024,8.31,2,108,889,47,15,36,18,0,17,365,0,0,0,0,2,66.67,0,0,0,0,0,0,0,0,0,0,0,4,14,0,0,0,0,0,0,0,0,0,0,0,0,0
Thu Apr 18 2024,0,2,0,0,0,0,0,0,0,0,0,0,0,0,0,0,0,0,0,0,0,0,0,0,0,0,0,0,0,0,0,0,0,0,0,0,0,0,0,0,0,0,0
Fri Apr 19 2024,0,0,0,0,0,0,0,0,0,0,0,0,0,0,0,0,0,0,0,0,0,0,0.04,0,0,0,0,0,0,0,0,0,0,0,0,0,0,0,0,0,0,0,0
Sat Apr 20 2024,0,0,0,0,0,0,0,0,0,0,0,0,0,0,0,0,0,0,0,0,0,0,0.07,0,0,0,0,0,0,0,0,0,0,0,0,0,0,0,0,0,0,0,0
Sun Apr 21 2024,0,1,0,0,0,0,0,0,0,0,0,0,0,0,0,0,0,0,0,0,0,0,0.06,0,0,0,0,0,0,0,0,0,0,0,0,0,0,0,0,0,0,0,0
Mon Apr 22 2024,16.57,12,123,2038,138,28,95,38,0.88,23,744,1,2,1,1,2,58.54,0,0,1.14,0,0,0.1,0,0,0,0,0,25,13,0,0,0,0,0,0,0,0,0,0,0,0,0
Tue Apr 23 2024,0,0,0,0,0,0,0,0,0,0,0,0,0,0,0,0,0,0,0,0,0,0,0,0,0,0,0,0,0,0,0,0,0,0,0,0,0,0,0,0,0,0,0
Wed Apr 24 2024,0,0,0,0,0,0,0,0,0,1,2,0,1,1,0,0,0,0,0,0,0,0,0.13,0,0,0,0,0,0,0,0,0,0,0,0,0,0,0,0,0,0,0,0
Thu Apr 25 2024,9.31,8,147,1369,115,23,90,27,6.94,26,931,0,0,0,0,3,73.47,0,0,0,0,0,0.1,0,0,0.6,0,0,11,16,0,0,0,0,0,0,0,0,0,0,0,0,0
Fri Apr 26 2024,0,0,0,0,0,0,0,0,0,0,0,0,0,0,0,0,0,0,0,0,0,0,0.06,0,0,0,0,0,0,0,0,0,0,0,0,0,0,0,0,0,0,0,0
Sat Apr 27 2024,0,0,0,0,0,0,0,0,0,1,4,0,0,0,0,0,0,0,0,0,0,0,0.09,0,0,0,0,0,0,0,0,0,0,0,0,0,0,0,0,0,0,0,0
Sun Apr 28 2024,0,0,0,0,0,0,0,0,0,0,0,0,0,0,0,0,0,0,0,0,0,0,0.02,0,0,0,0,0,0,0,0,0,0,0,0,0,0,0,0,0,0,0,0
Mon Apr 29 2024,0,0,0,0,0,0,0,0,0,0,0,0,0,0,0,0,0,0,0.95,0,0,0,0.02,0,0,0,0,0,0,0,0,1,1,0,0,0,0,0,0,0,0,0,0
Tue Apr 30 2024,0,0,0,0,0,0,0,0,0,0,0,0,0,0,0,0,0,0,0,0,0,0,0.03,0,0,0,0,0,0,0,0,0,0,0,0,0,0,0,0,0,0,0,0
Wed May 01 2024,0,0,0,0,0,0,0,0,0,0,0,0,0,0,0,0,0,0,0,0,0,0,0.07,0,0,0,0,0,0,0,0,0,0,0,0,0,0,0,0,0,0,0,0
Thu May 02 2024,0,0,0,0,0,0,0,0,0,0,0,0,0,0,0,0,0,0,0,0,0,0,0,0,0,0,0,0,0,0,0,0,0,0,0,0,0,0,0,0,0,0,0
Fri May 03 2024,0,0,0,0,0,0,0,0,0,0,0,0,0,0,0,0,0,0,0,0,0,0,0.01,0,0,0,0,0,0,0,0,0,0,0,0,0,0,0,0,0,0,0,0
Sat May 04 2024,0,0,0,0,0,0,0,0,0,0,0,0,0,0,0,0,0,0,0,0,0,0,0.04,0,0,0,0,0,0,0,0,0,0,0,0,0,0,0,0,0,0,0,0
Sun May 05 2024,0,0,0,0,0,0,0,0,0,0,0,0,0,0,0,0,0,0,0,0,0,0,0.04,0,0,0,0,0,0,0,0,0,0,0,0,0,0,0,0,0,0,0,0
Mon May 06 2024,5.22,0,104,548,32,10,22,10,0,13,541,0,13,13,0,2,69.23,0,0,0,0,0,0.05,0,0,0,0,0,0,10,0,0,0,0,0,0,0,0,0,0,0,0,0
Tue May 07 2024,0,0,0,0,0,0,0,0,0,0,0,0,0,0,0,0,0,2.54,0,0,0,0,0.05,0,0,0,0,0,0,0,0,1,1,0,0,0,0,0,0,0,0,0,0
Wed May 08 2024,0,0,0,0,0,0,0,0,0,0,0,0,0,0,0,0,0,0,0,0,0,0,0.04,0,0,0,0,0,0,0,0,0,0,0,0,0,0,0,0,0,0,0,0
Thu May 09 2024,10.35,5,147,1521,66,17,43,20,0,21,687,0,0,0,0,3,73.47,0,0,0,0,0,0.04,0,0,0.32,0,0,4,16,0,2,2,0,0,0,0,0,0,0,0,0,0
Fri May 10 2024,0,0,0,0,0,0,0,0,0,0,0,0,0,0,0,0,0,0,0,0,0,0,0.04,0,0,0,0,0,0,0,0,0,0,0,0,0,0,0,0,0,0,0,0
Sat May 11 2024,0,0,0,0,0,0,0,0,0,0,0,0,0,0,0,0,0,0,0,0,0,0,0.05,0,0,0,0,0,0,0,0,0,0,0,0,0,0,0,0,0,0,0,0
Sun May 12 2024,0,0,0,0,0,0,0,0,0,0,0,0,0,0,0,0,0,0,0,0,0,0,0,0,0,0,0,0,0,0,0,0,0,0,0,0,0,0,0,0,0,0,0
Mon May 13 2024,8.54,0,106,905,53,14,39,16,0,15,382,0,1,1,0,2,67.92,0,0,0,0,0,0.04,0,0,0,0,0,1,15,0,0,0,0,0,0,0,0,0,0,0,0,0
Tue May 14 2024,9.41,7,126,1186,92,17,60,23,0,22,370,0,6,5,0,2,57.14,0,0,0,0,0,0.03,0,0,0,0,0,12,11,0,0,0,0,0,0,0,0,0,0,0,0,0
Wed May 15 2024,6.28,3,137,861,96,11,51,16,0,17,423,0,1,1,0,3,78.83,0,0,0,0,0,0.07,0,0,0,0,0,4,12,0,0,0,0,0,0,0,0,0,0,0,0,0
Thu May 16 2024,9.98,4,118,1178,74,16,57,20,0,22,343,0,0,0,0,2,61.02,0,0,0,0,0,0.04,0,0,0,0,0,5,15,0,0,0,0,0,0,0,0,0,0,0,0,0
Fri May 17 2024,0,0,0,0,0,0,0,0,0,0,0,0,0,0,0,0,0,0,0,0,0,0,0.05,0,0,0,0,0,0,0,0,0,0,0,0,0,0,0,0,0,0,0,0
Sat May 18 2024,0,0,0,0,0,0,0,0,0,0,0,0,0,0,0,0,0,0,0,0,0,0,0.01,0,0,0,0,0,0,0,0,0,0,0,0,0,0,0,0,0,0,0,0
Sun May 19 2024,0,1,0,0,0,0,0,0,0,2,2,0,0,0,0,0,0,0,0,0,0,0,0,0,0,0,0,0,0,0,0,0,0,0,0,0,0,0,0,0,0,0,0
Mon May 20 2024,6.58,4,101,671,98,12,71,20,0,22,511,3,5,5,0,2,71.29,0,0,0,0,0,0.03,0,0,0,0,0,7,13,0,0,0,0,0,0,0,0,0,0,0,0,0
Tue May 21 2024,0,0,0,0,0,0,0,0,0,0,0,0,1,0,1,0,0,0,0,0,0,0,0.03,0,0,0.72,0,0,0,0,0,0,0,0,0,0,0,0,0,0,0,0,0
Wed May 22 2024,11.5,1,117,1345,111,19,73,27,0,18,348,0,2,0,2,2,61.54,0,0,0,0,0,0.02,0,0,0.08,0,0,10,17,0,0,0,0,0,0,0,0,0,0,0,0,0
Thu May 23 2024,5.22,0,23,120,24,8,11,6,0,10,88,0,0,0,0,1,156.52,0,0,0,0,0,0.02,0,0,0,0,0,0,6,0,0,0,0,0,0,0,0,0,0,0,0,0
Fri May 24 2024,0,0,0,0,0,0,0,0,0,0,0,0,0,0,0,0,0,0,0,0,0,0,0.06,0,0,0,0,0,0,0,0,0,0,0,0,0,0,0,0,0,0,0,0
Sat May 25 2024,0,0,0,0,0,0,0,0,0,0,0,0,0,0,0,0,0,0,0,0,0,0,0.08,0,0,0,0,0,0,0,0,0,0,0,0,0,0,0,0,0,0,0,0
Sun May 26 2024,0,0,0,0,0,0,0,0,0,0,0,0,0,0,0,0,0,0,0,0,0,0,0,0,0,0,0,0,0,0,0,0,0,0,0,0,0,0,0,0,0,0,0
Mon May 27 2024,0,0,0,0,0,0,0,0,0,0,0,0,0,0,0,0,0,0,0,0,0,0,0,0,0,0,0,0,0,0,0,0,0,0,0,0,0,0,0,0,0,0,0
Tue May 28 2024,9.37,2,118,1106,80,15,59,23,0,19,424,0,0,0,0,2,61.02,0,0,0,0,0.36,0.06,0,0,0.32,0,0,10,13,0,0,0,0,0,0,0,0,0,0,0,0,0
Wed May 29 2024,0,0,0,0,0,0,0,0,0,0,0,0,1,1,0,0,0,0,0,0,0,0,0,0,0,0,0,0,0,0,0,1,1,0,0,0,0,0,0,0,0,0,0
Thu May 30 2024,4.8,0,102,490,41,9,30,7,0,10,434,1,10,0,10,2,70.59,0,0,0,0,0,0,0,0,0,0,0,0,7,0,0,0,0,0,0,0,0,0,0,0,0,0
Fri May 31 2024,0,0,0,0,0,0,0,0,0,0,0,0,3,0,3,0,0,0,0.95,0,0,0.03,0.17,0,0,0,0,0,0,0,0,0,0,0,0,0,0,0,0,0,0,0,0
Sat Jun 01 2024,0,0,0,0,0,0,0,0,0,0,0,0,0,0,0,0,0,0,0,0,0,0,0.01,0,0,0,0,0,0,0,0,0,0,0,0,0,0,0,0,0,0,0,0
Sun Jun 02 2024,0,0,0,0,0,0,0,0,0,0,0,0,0,0,0,0,0,0,0,0,0,0,0,0,0,0,0,0,0,0,0,0,0,0,0,0,0,0,0,0,0,0,0
Mon Jun 03 2024,0,0,0,0,0,0,0,0,0,0,0,0,0,0,0,0,0,0,0,0,0,0,0,0,0,0,0,0,0,0,0,0,0,0,0,0,0,0,0,0,0,0,0
Tue Jun 04 2024,6.35,3,104,660,47,11,37,13,0,17,366,0,0,0,0,2,69.23,0,0,0,0,0,0,0,0,0,0,0,2,11,0,0,0,0,0,0,0,0,0,0,0,0,0
Wed Jun 05 2024,0,1,0,0,0,0,0,0,0,0,0,0,0,0,0,0,0,1.04,0,0,0,0,0.02,0,0,0,0,0,0,0,0,0,0,0,0,0,0,0,0,0,0,0,0
Thu Jun 06 2024,8.01,31,97,777,41,13,31,14,0,15,282,1,1,0,1,2,74.23,0,0,0,0,0,0.02,0,0,0,0,0,1,13,0,0,0,0,0,0,0,0,0,0,0,0,0
Fri Jun 07 2024,0,1,0,0,0,0,0,0,0,0,0,0,0,0,0,0,0,0,0,0,0,0,0.03,0.01,0,0,0,0,0,0,0,1,1,0,0,0,0,0,0,0,0,0,0
Sat Jun 08 2024,0,0,0,0,0,0,0,0,0,0,0,0,1,2,0,0,0,0,0,0,0,0.12,0.03,0,0,0,0,0,0,0,0,0,0,0,0,0,0,0,0,0,0,0,0
Sun Jun 09 2024,0,0,0,0,0,0,0,0,0,0,0,0,0,0,0,0,0,0,0,0,0,0,0.03,0,0,0,0,0,0,0,0,1,1,0,0,0,0,0,0,0,0,0,0
Mon Jun 10 2024,0,1,0,0,0,0,0,0,0,0,0,0,0,0,0,0,0,0,0,0,0,0,0,0,0,0,0,0,0,0,0,0,0,0,0,0,0,0,0,0,0,0,0
Tue Jun 11 2024,0,0,0,0,0,0,0,0,0,0,0,0,0,0,0,0,0,0,0,0,0,0,0.03,0,0,0.48,0,0,0,0,0,0,0,0,0,0,0,0,0,0,0,0,0
Wed Jun 12 2024,0,0,0,0,0,0,0,0,0,0,0,0,0,0,0,0,0,0,0,0,0,0,0.03,0,0,0,0,0,0,0,0,0,0,0,0,0,0,0,0,0,0,0,0
Thu Jun 13 2024,0,0,0,0,0,0,0,0,0,0,0,0,0,0,0,0,0,0,0,0,0,0,0.03,0,0,0,0,0,0,0,0,0,0,0,0,0,0,0,0,0,0,0,0
Fri Jun 14 2024,0,0,0,0,0,0,0,0,0,0,0,0,0,0,0,0,0,0,0.95,0,0,0,0.05,0,0,0,0,0,0,0,0,0,0,0,0,0,0,0,0,0,0,0,0
Sat Jun 15 2024,0,0,0,0,0,0,0,0,0,0,0,0,0,0,0,0,0,0,0.95,0,0,0,0.09,0,0,0.24,0,0,0,0,0,0,0,0,0,0,0,0,0,0,0,0,0
Sun Jun 16 2024,0,0,0,0,0,0,0,0,0,0,0,0,0,0,0,0,0,0,0,0,0,0.06,0.04,0,0,0,0,0,0,0,0,0,0,0,0,0,0,0,0,0,0,0,0
Mon Jun 17 2024,0,0,0,0,0,0,0,0,0,0,0,0,0,0,0,0,0,0,0,0,0,0,0.04,0,0,0.24,0,0,0,0,0,0,0,0,0,0,0,0,0,0,0,0,0
Tue Jun 18 2024,6.8,0,122,830,39,10,22,12,0,15,489,0,0,0,0,2,59.02,0,0,0,0,0,0.02,0,0,0,0,0,0,12,0,0,0,0,0,0,0,0,0,0,0,0,0
Wed Jun 19 2024,4.8,1,142,682,37,8,29,13,0,14,451,0,0,0,0,3,76.06,0,0,0,0,0.21,0.07,0,0,0,0,0,3,10,0,0,0,0,0,0,0,0,0,0,0,0,0
Thu Jun 20 2024,0,0,0,0,0,0,0,0,0,0,0,0,0,0,0,0,0,0,0,0,0,0,0,0,0,0,0,0,0,0,0,0,0,0,0,0,0,0,0,0,0,0,0
Fri Jun 21 2024,0,0,0,0,0,0,0,0,0,0,0,0,0,0,0,0,0,0,0,0,0,0,0.1,0,0,0,0,0,0,0,0,0,0,0,0,0,0,0,0,0,0,0,0
Sat Jun 22 2024,0,0,0,0,0,0,0,0,0,0,0,0,0,0,0,0,0,0,0,0,0,0,0.03,0,0,0,0,0,0,0,0,0,0,0,0,0,0,0,0,0,0,0,0
Sun Jun 23 2024,0,0,0,0,0,0,0,0,0,0,0,0,0,0,0,0,0,1.04,0,0,0,0,0,0,0,0,0,0,0,0,0,0,0,0,0,0,0,0,0,0,0,0,0
Mon Jun 24 2024,0,0,0,0,0,0,0,0,0,1,2,0,0,0,0,0,0,0,0,0,0,0,0,0,0,0,0,0,0,0,0,0,0,0,0,0,0,0,0,0,0,0,0
Tue Jun 25 2024,5.61,0,129,724,40,8,30,13,0,16,136,0,0,0,0,3,83.72,2.54,0,0,0,0.03,0.07,0,0,0.24,0,0,0,13,0,0,0,0,0,0,0,0,0,0,0,0,0
Wed Jun 26 2024,2.62,0,137,361,20,6,17,5,0,9,62,0,0,0,0,3,78.83,0,0,0,0,0,0,0,0,0,0,0,0,5,0,0,0,0,0,0,0,0,0,0,0,0,0
Thu Jun 27 2024,0,0,0,0,0,0,0,0,0,0,0,0,0,0,0,0,0,0,0,0,0,0,0.07,0,0,0,0,0,0,0,0,0,0,0,0,0,0,0,0,0,0,0,0
Fri Jun 28 2024,0,0,0,0,0,0,0,0,0,0,0,0,0,0,0,0,0,0,0.95,0,0,0,0,0,0,0,0,0,0,0,0,0,0,0,0,0,0,0,0,0,0,0,0
Sat Jun 29 2024,0,0,0,0,0,0,0,0,0,0,0,0,0,0,0,0,0,0,0,0,0,0,0.04,0,0,0,0,0,0,0,0,0,0,0,0,0,0,0,0,0,0,0,0
Sun Jun 30 2024,0,0,0,0,0,0,0,0,0,0,0,0,0,0,0,0,0,0,0,0,0,0,0.07,0,0,0,0,0,0,0,0,0,0,0,0,0,0,0,0,0,0,0,0
Mon Jul 01 2024,0,0,0,0,0,0,0,0,0,0,0,0,0,0,0,0,0,0,0,0,0,0,0.04,0,0,0,0,0,0,0,0,0,0,0,0,0,0,0,0,0,0,0,0
Tue Jul 02 2024,0,0,0,0,0,0,0,0,0,0,0,0,0,0,0,0,0,0,0,0,0,0,0.02,0,0,0,0,0,0,0,0,0,0,0,0,0,0,0,0,0,0,0,0
Wed Jul 03 2024,0,0,0,0,0,0,0,0,0,0,0,0,0,0,0,0,0,0,0,0,0,0,0.02,0,0,0,0,0,0,0,0,0,0,0,0,0,0,0,0,0,0,0,0
Thu Jul 04 2024,0,0,0,0,0,0,0,0,0,0,0,0,0,0,0,0,0,0,0,0,0,0,0.06,0,0,0,0,0,0,0,0,0,0,0,0,0,0,0,0,0,0,0,0
Fri Jul 05 2024,0,0,0,0,0,0,0,0,0,0,0,0,1,0,1,0,0,0,0,0,0,0,0.01,0,0,0,0,0,0,0,0,0,0,0,0,0,0,0,0,0,0,0,0
Sat Jul 06 2024,0,0,0,0,0,0,0,0,0,0,0,0,0,0,0,0,0,0,0,0,0,0,0,0,0,0,0,0,0,0,0,0,0,0,0,0,0,0,0,0,0,0,0
Sun Jul 07 2024,0,1,0,0,0,0,0,0,0,0,0,0,0,0,0,0,0,0,0,9.87,0,1,0.06,0,0,0,0,0,0,0,0,1,1,0,0,0,0,0,0,0,0,0,0
Mon Jul 08 2024,4.15,0,178,739,40,7,26,14,0,14,257,0,0,0,0,3,60.67,0,0,0,0,0,0.03,0,0,0,0,0,0,14,0,0,0,0,0,0,0,0,0,0,0,0,0
Tue Jul 09 2024,0,0,0,0,0,0,0,0,0,0,0,0,0,0,0,0,0,0,0,0,0,0,0,0,0,0,0,0,0,0,0,0,0,0,0,0,0,0,0,0,0,0,0
Wed Jul 10 2024,5.53,1,114,625,44,8,28,9,0,13,198,1,1,0,1,2,63.16,2.54,0,0,0,0,0.04,0,0,0,0,0,2,7,0,0,0,0,0,0,0,0,0,0,0,0,0
Thu Jul 11 2024,0,0,0,0,0,0,0,0,0,0,0,0,0,0,0,0,0,0,0,0,0,0,0,0,0,0,0,0,0,0,0,0,0,0,0,0,0,0,0,0,0,0,0
Fri Jul 12 2024,0,0,0,0,0,0,0,0,0,0,0,0,0,0,0,0,0,0,0,0,0,0,0.07,0,0,0,0,0,0,0,0,0,0,0,0,0,0,0,0,0,0,0,0
Sat Jul 13 2024,0,1,0,0,0,0,0,0,0,0,0,0,0,0,0,0,0,1.45,0,0,0,0,0.04,0,0,0,0,0,0,0,0,0,0,0,0,0,0,0,0,0,0,0,0
Sun Jul 14 2024,0,0,0,0,0,0,0,0,0,0,0,0,0,0,0,0,0,0,0,0,0,0,0,0,0,0,0,0,0,0,0,0,0,0,0,0,0,0,0,0,0,0,0
Mon Jul 15 2024,0,0,0,0,0,0,0,0,0,1,2,0,1,1,0,0,0,0,0,0,0,0,0.04,0.01,0,0,0,0,0,0,0,0,0,0,0,0,0,0,0,0,0,0,0
Tue Jul 16 2024,0,0,0,0,0,0,0,0,0,1,2,0,1,1,0,0,0,0,0,0,0,0,0.04,0,0,0,0,0,0,0,0,0,0,0,0,0,0,0,0,0,0,0,0
Wed Jul 17 2024,0,0,0,0,0,0,0,0,0,0,0,0,1,1,0,0,0,0,0,0,0,0,0.05,0,0,0,0,0,0,0,0,0,0,0,0,0,0,0,0,0,0,0,0
Thu Jul 18 2024,0,0,0,0,0,0,0,0,0,0,0,0,0,0,0,0,0,0,0,0,0,0,0.03,0,0,0,0,0,0,0,0,0,0,0,0,0,0,0,0,0,0,0,0
Fri Jul 19 2024,0,0,0,0,0,0,0,0,0,0,0,0,0,0,0,0,0,0,0,0,0,0,0.01,0,0,0,0,0,0,0,0,0,0,0,0,0,0,0,0,0,0,0,0
Sat Jul 20 2024,0,0,0,0,0,0,0,0,0,0,0,0,0,0,0,0,0,0,0,0,0,10.39,0.07,0,0,0,0,0,0,0,0,0,0,0,0,0,0,0,0,0,0,0,0
Sun Jul 21 2024,0,1,0,0,0,0,0,0,0,0,0,0,0,0,0,0,0,0,0,0,0,0,0.04,0,0,0,0,0,0,0,0,0,0,0,0,0,0,0,0,0,0,0,0
Mon Jul 22 2024,6.02,0,121,728,40,9,26,12,0,17,479,0,0,0,0,2,59.5,0,0,0,0,0,0.06,0,0,0,0,0,1,11,0,0,0,0,0,0,0,0,0,0,0,0,0
Tue Jul 23 2024,0,0,0,0,0,0,0,0,0,0,0,0,0,0,0,0,0,0,0,0,0,1,0.05,0,0,0,0,0,0,0,0,0,0,0,0,0,0,0,0,0,0,0,0
Wed Jul 24 2024,6.26,0,136,852,54,10,33,13,0,12,345,0,0,0,0,3,79.41,0,0,0,0,1.3,0.03,0,0,0,0,0,1,12,0,0,0,0,0,0,0,0,0,0,0,0,0
Thu Jul 25 2024,0,0,0,0,0,0,0,0,0,2,6,0,0,0,0,0,0,0,0,0,0,1.2,0.06,0.01,0,0,0,0,0,0,0,0,0,0,0,0,0,0,0,0,0,0,0
Fri Jul 26 2024,0,1,0,0,0,0,0,0,0,0,0,0,0,0,0,0,0,0,0,0,0,3.1,0.09,0,0,0,0,0,0,0,0,0,0,0,0,0,0,0,0,0,0,0,0
Sat Jul 27 2024,0,0,0,0,0,0,0,0,0,0,0,0,0,0,0,0,0,0,0,0,0,0,0.23,0,0,0,0,0,0,0,0,0,0,0,0,0,0,0,0,0,0,0,0
Sun Jul 28 2024,0,0,0,0,0,0,0,0,0,0,0,0,0,0,0,0,0,0,0,0,0,0,0.07,0,0,0,0,0,0,0,0,0,0,0,0,0,0,0,0,0,0,0,0
Mon Jul 29 2024,0,1,0,0,0,0,0,0,0,0,0,0,0,0,0,0,0,0,0,0,0,1,0.28,0,0,0,0,0,0,0,0,0,0,0,0,0,0,0,0,0,0,0,0
Tue Jul 30 2024,0,0,0,0,0,0,0,0,0,0,0,0,0,0,0,0,0,2.54,0,0,0,1,0.05,0,0,0,0,0,0,0,0,0,0,0,0,0,0,0,0,0,0,0,0
Wed Jul 31 2024,0,0,0,0,0,0,0,0,0,0,0,0,0,0,0,0,0,0,0,0,0,0,0,0,0,0,0,0,0,0,0,0,0,0,0,0,0,0,0,0,0,0,0
Thu Aug 01 2024,0,0,0,0,0,0,0,0,0,0,0,0,0,0,0,0,0,1.5,0,0,0,0,0,0,0,0,0,0,0,0,0,0,0,0,0,0,0,0,0,0,0,0,0
Fri Aug 02 2024,0,0,0,0,0,0,0,0,0,0,0,0,0,0,0,0,0,0,0,0,0,1,0.27,0,0,0,0,0,0,0,0,0,0,0,0,0,0,0,0,0,0,0,0
Sat Aug 03 2024,0,1,0,0,0,0,0,0,0,0,0,0,1,1,0,0,0,0,0,0,0,1.2,0.03,0,0,0.04,0,0,0,0,0,0,0,0,0,0,0,0,0,0,0,0,0
Sun Aug 04 2024,0,0,0,0,0,0,0,0,0,0,0,0,0,0,0,0,0,0,0,0,0,0,0.03,0,0,0,0,0,0,0,0,0,0,0,0,0,0,0,0,0,0,0,0
Mon Aug 05 2024,0,0,0,0,0,0,0,0,0,1,2,0,0,0,0,0,0,0,0,2.79,0,1.3,0.09,0,0,0.88,0,0,0,0,0,0,0,0,0,0,0,0,0,0,0,0,0
Tue Aug 06 2024,6.33,0,128,810,57,11,35,13,0,14,287,0,1,1,0,3,84.38,0,0,0,0,0,0,0,0,0,0,0,2,11,0,0,0,0,0,0,0,0,0,0,0,0,0
Wed Aug 07 2024,4.4,0,125,550,51,9,22,10,0,14,175,0,0,0,0,2,57.6,0,0,0,0,1.2,0.2,0,0,0,0,0,2,8,0,1,1,0,0,0,0,0,0,0,0,0,0
Thu Aug 08 2024,6.52,0,159,1037,48,11,28,13,0,17,555,0,0,0,0,3,67.92,0,0,0,0,0,0.06,0,0,0,0,0,0,13,0,0,0,0,0,0,0,0,0,0,0,0,0
Fri Aug 09 2024,0,1,0,0,0,0,0,0,0,0,0,0,0,0,0,0,0,0,0,0,0,0,0.43,0,0,0,0,0,0,0,0,0,0,0,0,0,0,0,0,0,0,0,0
Sat Aug 10 2024,0,0,0,0,0,0,0,0,0,0,0,0,0,0,0,0,0,0,0,0,0,0,0.09,0,0,0,0,0,0,0,0,0,0,0,0,0,0,0,0,0,0,0,0
Sun Aug 11 2024,0,0,0,0,0,0,0,0,0,0,0,0,0,0,0,0,0,0,0,0,0,0,0.01,0,0,0,0,0,0,0,0,0,0,0,0,0,0,0,0,0,0,0,0
Mon Aug 12 2024,3.9,0,144,561,23,7,21,7,0,10,172,0,0,0,0,3,75,0,0,0,0,0,0,0,0,0,0,0,0,7,0,0,0,0,0,0,0,0,0,0,0,0,0
Tue Aug 13 2024,4.44,1,129,573,34,7,22,10,0,15,472,0,0,0,0,3,83.72,0,0,0,0,0,0.23,0,0,0,0,0,1,9,0,0,0,0,0,0,0,0,0,0,0,0,0
Wed Aug 14 2024,13.63,2,131,1786,90,49,66,32,55.66,19,313,0,0,0,0,3,82.44,0,0,0,0,0,0.37,0,0,0,0,0,19,13,0,0,0,0,0,0,0,0,0,0,0,0,0
Thu Aug 15 2024,5.58,1,87,491,21,9,18,10,0,10,193,1,1,0,1,2,82.76,0,0,0,0,0,0.16,0,0,0,0,0,2,8,0,0,0,0,0,0,0,0,0,0,0,0,0
Fri Aug 16 2024,0,0,0,0,0,0,0,0,0,0,0,0,0,0,0,0,0,0,0,0,0,0,0.15,0.01,0,0,0,0,0,0,0,0,0,0,0,0,0,0,0,0,0,0,0
Sat Aug 17 2024,0,1,0,0,0,0,0,0,0,0,0,0,0,0,0,0,0,0,0,0,0,0,0,0,0,0,0,0,0,0,0,0,0,0,0,0,0,0,0,0,0,0,0
Sun Aug 18 2024,0,0,0,0,0,0,0,0,0,0,0,0,0,0,0,0,0,0.92,0,0,0,0,0.13,0,0,0,0,0,0,0,0,0,0,0,0,0,0,0,0,0,0,0,0
Mon Aug 19 2024,4.81,1,131,630,25,8,16,7,0,9,206,0,0,0,0,3,82.44,0,0,0,0,0,0.34,0.02,0,0,0,0,1,6,0,0,0,0,0,0,0,0,0,0,0,0,0
Tue Aug 20 2024,0,0,0,0,0,0,0,0,0,0,0,0,0,0,0,0,0,0,0,0,0,0,0.59,0.03,0,0,0,0,0,0,0,0,0,0,0,0,0,0,0,0,0,0,0
Wed Aug 21 2024,6.45,1,97,619,33,11,22,12,0,15,566,0,0,0,0,2,74.23,0,0,0,0,1.2,0.27,0.03,0,0,0,0,2,10,0,0,0,0,0,0,0,0,0,0,0,0,0
Thu Aug 22 2024,0,1,0,0,0,0,0,0,0,0,0,0,0,0,0,0,0,0,0,0,0,0,0,0,0,0,0,0,0,0,0,0,0,0,0,0,0,0,0,0,0,0,0
Fri Aug 23 2024,0,0,0,0,0,0,0,0,0,0,0,0,0,0,0,0,0,2.54,0,0,0,0,0,0,0,0,0,0,0,0,0,0,0,0,0,0,0,0,0,0,0,0,0
Sat Aug 24 2024,0,0,0,0,0,0,0,0,0,0,0,0,0,0,0,0,0,0,0,0,0,0,0,0,0,0,0,0,0,0,0,0,0,0,0,0,0,0,0,0,0,0,0
Sun Aug 25 2024,0,0,0,0,0,0,0,0,0,0,0,0,2,2,0,0,0,0,0,0,0,0,0.13,0.01,0,0,0,0,0,0,0,0,0,0,0,0,0,0,0,0,0,0,0
Mon Aug 26 2024,5.21,1,107,557,26,8,21,8,0,11,245,0,0,0,0,2,67.29,1.52,0,0,0,0,0.14,0,0,0,0,0,1,7,0,0,0,0,0,0,0,0,0,0,0,0,0
Tue Aug 27 2024,6.18,0,126,779,41,9,29,14,0,13,517,0,0,0,0,2,57.14,0,0,0,0,0,0.19,0.01,0,0,0,0,1,13,0,0,0,0,0,0,0,0,0,0,0,0,0
Wed Aug 28 2024,5.22,0,110,579,39,8,26,10,0,13,321,0,0,0,0,2,65.45,0,0,0,0,0.09,0.18,0.03,0,0,0,0,0,10,1,0,0,0,0,0,0,0,0,0,0,0,0
Thu Aug 29 2024,8.51,0,130,1098,50,12,31,13,0,14,259,0,2,2,0,3,83.08,0,0,0,0,0,0.22,0,0,0,0,0,0,13,0,0,0,0,0,0,0,0,0,0,0,0,0
Fri Aug 30 2024,0,4,0,0,0,0,0,0,0,0,0,0,0,0,0,0,0,0,0,0,0,0.03,0.34,0,0,0,0,0,0,0,0,0,0,0,0,0,0,0,0,0,0,0,0
Sat Aug 31 2024,0,0,0,0,0,0,0,0,0,0,0,0,1,1,0,0,0,0,0,0,0,0,0.51,0.02,0,0,0,0,0,0,0,0,0,0,0,0,0,0,0,0,0,0,0
Sun Sep 01 2024,0,1,0,0,0,0,0,0,0,0,0,0,0,0,0,0,0,1.5,0,0,0,0,0.11,0.02,0,0,0,0,0,0,0,0,0,0,0,0,0,0,0,0,0,0,0
Mon Sep 02 2024,7.18,3,131,940,50,11,27,14,0,14,539,0,0,0,0,3,82.44,0,0,0,0,0,0,0,0,0,0,0,2,12,0,0,0,0,0,0,0,0,0,0,0,0,0
Tue Sep 03 2024,0,0,0,0,0,0,0,0,0,0,0,0,0,0,0,0,0,0,0,0,0,0,0.12,0,0,0,0,0,0,0,0,0,0,0,0,0,0,0,0,0,0,0,0
Wed Sep 04 2024,5.34,0,119,636,30,9,19,10,0,9,270,0,0,0,0,2,60.5,0,0,0,0,0.1,0.12,0.01,0,0,0,0,1,9,0,0,0,0,0,0,0,0,0,0,0,0,0
Thu Sep 05 2024,8.06,0,120,967,31,11,22,12,0,13,595,0,0,0,0,2,60,0,0,0,0,0,0,0,0,0,0,0,1,11,0,0,0,0,0,0,0,0,0,0,0,0,0
Fri Sep 06 2024,0,2,0,0,0,0,0,0,0,0,0,0,0,0,0,0,0,0,0,0,0,0,0.22,0,0,0,0,0,0,0,0,0,0,0,0,0,0,0,0,0,0,0,0
Sat Sep 07 2024,0,1,0,0,0,0,0,0,0,0,0,0,0,0,0,0,0,0,0,0,0,0.1,0.01,0,0,0,0,0,0,0,0,0,0,0,0,0,0,0,0,0,0,0,0
Sun Sep 08 2024,0,1,0,0,0,0,0,0,0,0,0,0,0,0,0,0,0,0,0,0,0,0,0,0,0,0,0,0,0,0,0,1,1,0,0,0,0,0,0,0,0,0,0
Mon Sep 09 2024,10.17,2,115,1170,68,28,49,27,3.85,16,650,0,0,0,0,2,62.61,0,0,0,0,0.3,0.04,0.01,0,0,0,0,7,20,0,0,0,0,0,0,0,0,0,0,0,0,0
Tue Sep 10 2024,5.94,1,123,736,44,9,27,12,0,16,666,0,2,0,2,2,58.54,2.54,0,0,0,0,0.05,0,0,0,0,0,1,11,0,0,0,0,0,0,0,0,0,0,0,0,0
Wed Sep 11 2024,6.6,0,116,766,32,9,21,10,0,12,346,0,0,0,0,2,62.07,0,0,0,0,0,0.18,0,0,0,0,0,2,8,0,0,0,0,0,0,0,0,0,0,0,0,0
Thu Sep 12 2024,6.18,1,130,803,44,11,28,11,0,14,721,0,0,0,0,3,83.08,0,0,0,0,0,0.06,0.01,0,0,0,0,0,11,0,0,0,0,0,0,0,0,0,0,0,0,0
Fri Sep 13 2024,0,0,0,0,0,0,0,0,0,0,0,0,0,0,0,0,0,1.56,0,0,0,0,0,0,0,0,0,0,0,0,0,0,0,0,0,0,0,0,0,0,0,0,0
Sat Sep 14 2024,0,0,0,0,0,0,0,0,0,0,0,0,1,0,1,0,0,0,0,0,0,0.1,0.07,0.02,0,0,0,0,0,0,0,0,0,0,0,0,0,0,0,0,0,0,0
Sun Sep 15 2024,0,0,0,0,0,0,0,0,0,0,0,0,0,0,0,0,0,0,0,0,0,0,0.01,0.02,0,0,0,0,0,0,0,0,0,0,0,0,0,0,0,0,0,0,0
Mon Sep 16 2024,0,0,0,0,0,0,0,0,0,0,0,0,1,1,0,0,0,0,0,0,0,0,0.08,0.02,0,0,0,0,0,0,0,0,0,0,0,0,0,0,0,0,0,0,0
Tue Sep 17 2024,7.37,1,129,951,48,16,30,17,0,16,662,1,0,0,0,3,83.72,0,0,0,0,0.2,0.12,0.03,0,0.16,0,0,3,14,0,0,0,0,0,0,0,0,0,0,0,0,0
Wed Sep 18 2024,0,0,0,0,0,0,0,0,0,0,0,2,0,0,0,0,0,0,0,0,0,0,0.02,0,0,0,0,0,0,0,0,0,0,0,0,0,0,0,0,0,0,0,0
Thu Sep 19 2024,7.05,2,119,839,36,11,28,11,0,14,554,0,0,0,0,2,60.5,1.67,0,8.47,0,60,0.05,0,0,1.2,0,0,1,10,0,0,0,0,0,0,0,0,0,0,0,0,0
Fri Sep 20 2024,0,0,0,0,0,0,0,0,0,0,0,0,0,0,0,0,0,0,0,0,0,1.85,0.41,0.1,0,0,0,0,0,0,0,0,0,0,0,0,0,0,0,0,0,0,0
Sat Sep 21 2024,0,0,0,0,0,0,0,0,0,0,0,0,1,1,0,0,0,0,0,0,0,0.1,0.14,0.01,0,0,0,0,0,0,0,0,0,0,0,0,0,0,0,0,0,0,0
Sun Sep 22 2024,0,1,0,0,0,0,0,0,0,1,6,0,0,0,0,0,0,0,0,0,0,27.85,0.15,0.01,0,0,0,0,0,0,0,0,0,0,0,0,0,0,0,0,0,0,0
Mon Sep 23 2024,3.25,1,126,410,29,6,18,7,0,10,365,0,0,0,0,2,57.14,0,0,0,0,0,0.14,0,0,0.24,0,0,0,7,0,0,0,0,0,0,0,0,0,0,0,0,0
Tue Sep 24 2024,7.52,2,120,902,39,12,29,14,0,16,319,0,0,0,0,2,60,0,0,0,0,0,0,0,0,0,0,0,5,9,0,0,0,0,0,0,0,0,0,0,0,0,0
Wed Sep 25 2024,6.93,0,123,852,36,10,21,12,0,13,521,0,1,1,0,2,58.54,0,0,0,0,0,0.23,0,0,0,0,0,0,12,0,0,0,0,0,0,0,0,0,0,0,0,0
Thu Sep 26 2024,6.19,2,135,835,53,10,26,12,0,17,458,0,0,0,0,3,80,0,0,0,0,0,0.12,0.04,0,0,0,0,2,10,0,0,0,0,0,0,0,0,0,0,0,0,0
Fri Sep 27 2024,0,1,0,0,0,0,0,0,0,0,0,0,0,0,0,0,0,0,0,2.96,0,2,0.33,0.04,0,0.76,0,0,0,0,0,0,0,0,0,0,0,0,0,0,0,0,0
Sat Sep 28 2024,13.53,6,201,2733,104,18,58,23,0,18,449,0,0,0,0,4,71.64,0,0,0,0,0,0.28,0,0,0,0,0,6,17,0,0,0,0,0,0,0,0,0,0,0,0,0
Sun Sep 29 2024,0,0,0,0,0,0,0,0,0,0,0,0,6,4,2,0,0,0,0,0,0,0,0.01,0,0,0,0,0,0,0,0,0,0,0,0,0,0,0,0,0,0,0,0
Mon Sep 30 2024,5.23,2,146,763,35,9,21,12,0,10,285,0,0,0,0,3,73.97,0,0,0,0,0,0.12,0.01,0,0.24,0,0,2,10,0,0,0,0,0,0,0,0,0,0,0,0,0
Tue Oct 01 2024,4.96,1,128,635,59,10,30,13,0,17,375,1,1,0,1,3,84.38,0,0,0,0,0.1,0.14,0.02,0,0,0,0,2,11,0,0,0,0,0,0,0,0,0,0,0,0,0
Wed Oct 02 2024,8.04,1,145,1166,57,14,32,19,0,15,540,0,0,0,0,3,74.48,0,0,0,0,0,0.02,0,0,0.28,0,0,3,16,0,0,0,0,0,0,0,0,0,0,0,0,0
Thu Oct 03 2024,5.25,1,147,772,57,11,30,14,0,12,276,0,0,0,0,3,73.47,2.54,0,0,0,0,0.06,0,0,0,0,0,1,13,0,0,0,0,0,0,0,0,0,0,0,0,0
Fri Oct 04 2024,0,0,0,0,0,0,0,0,0,0,0,0,0,0,0,0,0,1.58,0,0,0,0,0,0,0,0,0,0,0,0,0,0,0,0,0,0,0,0,0,0,0,0,0
Sat Oct 05 2024,0,0,0,0,0,0,0,0,0,0,0,0,2,2,0,0,0,0,0,0,0,0,0.11,0.03,0,0.32,0,0,0,0,0,0,0,0,0,0,0,0,0,0,0,0,0
Sun Oct 06 2024,0,0,0,0,0,0,0,0,0,0,0,0,0,0,0,0,0,0,0,0,0,0,0.12,0,0,0,0,0,0,0,0,0,0,0,0,0,0,0,0,0,0,0,0
Mon Oct 07 2024,6.16,0,113,696,60,11,33,11,0,12,410,0,0,0,0,2,63.72,0,0,0,0,0,0.01,0.06,0,0,0,0,2,9,0,0,0,0,0,0,0,0,0,0,0,0,0
Tue Oct 08 2024,5.62,1,130,731,43,9,28,12,0,12,292,0,0,0,0,3,83.08,0,0,0,0,0,0.27,0.01,0,0,0,0,2,10,0,0,0,0,0,0,0,0,0,0,0,0,0
Wed Oct 09 2024,7.77,0,128,995,58,14,39,11,0,13,409,0,0,0,0,3,84.38,0,0,0,0,0.1,0.05,0.01,0,0,0,0,0,11,0,0,0,0,0,0,0,0,0,0,0,0,0
Thu Oct 10 2024,7.36,1,118,869,72,11,39,11,0,17,428,0,0,0,0,2,61.02,0.92,0,0,0,0,0.04,0,0,0,0,0,0,11,0,0,0,0,0,0,0,0,0,0,0,0,0
Fri Oct 11 2024,0,2,0,0,0,0,0,0,0,0,0,0,0,0,0,0,0,0,0,0,0,0.1,0.04,0,0,0,0,0,0,0,0,0,0,0,0,0,0,0,0,0,0,0,0
Sat Oct 12 2024,0,1,0,0,0,0,0,0,0,0,0,0,0,0,0,0,0,0,0,0,0,0,0.01,0,0,0,0,0,0,0,0,0,0,0,0,0,0,0,0,0,0,0,0
Sun Oct 13 2024,0,2,0,0,0,0,0,0,0,0,0,0,0,0,0,0,0,0,0,0,0,0,0,0,0,0,0,0,0,0,0,0,0,0,0,0,0,0,0,0,0,0,0
Mon Oct 14 2024,7.68,3,115,875,49,13,31,15,0,16,314,0,0,0,0,2,62.61,0,0,0,0,0,0.08,0.05,0,0,0,0,2,13,0,0,0,0,0,0,0,0,0,0,0,0,0
Tue Oct 15 2024,5.76,2,102,593,46,9,34,11,0,9,134,0,0,0,0,2,70.59,0,0,0,0,0.03,0.03,0.01,0,0,0,0,2,9,0,0,0,0,0,0,0,0,0,0,0,0,0
Wed Oct 16 2024,5.33,1,103,549,41,9,24,12,0,14,333,0,0,0,0,2,69.9,0,0,0,0,0,0.02,0.01,0,0,0,0,1,11,0,0,0,0,0,0,0,0,0,0,0,0,0
Thu Oct 17 2024,9.71,1,122,1175,54,13,35,16,0,14,392,0,0,0,0,2,59.02,0,0,0,0,0,0.06,0.03,0,0.24,0,0,3,13,0,0,0,0,0,0,0,0,0,0,0,0,0
Fri Oct 18 2024,0,1,0,0,0,0,0,0,0,0,0,0,0,0,0,0,0,0,0,0,0,0,0,0,0,0,0,0,0,0,0,0,0,0,0,0,0,0,0,0,0,0,0
Sat Oct 19 2024,0,0,0,0,0,0,0,0,0,0,0,0,0,0,0,0,0,2.54,0,0,0,0,0,0,0,0,0,0,0,0,0,0,0,0,0,0,0,0,0,0,0,0,0
Sun Oct 20 2024,0,0,0,0,0,0,0,0,0,0,0,0,0,0,0,0,0,0,0,0,0,0.1,0.16,0.01,0,0,0,0,0,0,0,0,0,0,0,0,0,0,0,0,0,0,0
Mon Oct 21 2024,9.01,0,132,1189,58,12,32,12,0,12,444,1,4,0,4,3,81.82,0,0,0,0,0.1,0.01,0,0,0,0,0,1,11,0,0,0,0,0,0,0,0,0,0,0,0,0
Tue Oct 22 2024,7.64,3,128,978,52,13,30,13,0,12,425,0,4,2,2,3,84.38,1.57,0,0,0,0,0,0.01,0,0,0,0,1,12,0,0,0,0,0,0,0,0,0,0,0,0,0
Wed Oct 23 2024,6.76,0,109,744,46,12,31,10,0,11,405,0,0,0,0,2,66.06,0,0,0,0,0,0,0,0,0,0,0,0,10,0,0,0,0,0,0,0,0,0,0,0,0,0
Thu Oct 24 2024,9.74,3,120,1169,71,15,47,17,0,14,329,0,0,0,0,2,60,,,,,,,,,,,,4,13,0,0,0,0,0,0,0,0,0,0,0,0,0
Fri Oct 25 2024,0,0,0,0,0,0,0,0,0,0,0,0,0,0,0,0,0,,,,,,,,,,,,0,0,0,0,0,0,0,0,0,0,0,0,0,0,0
Sat Oct 26 2024,0,0,0,0,0,0,0,0,0,0,0,0,1,1,0,0,0,,,,,,,,,,,,0,0,0,0,0,0,0,0,0,0,0,0,0,0,0
Sun Oct 27 2024,0,0,0,0,0,0,0,0,0,0,0,0,1,0,1,0,0,,,,,,,,,,,,0,0,0,0,0,0,0,0,0,0,0,0,0,0,0
Mon Oct 28 2024,0,1,0,0,0,0,0,0,0,0,0,0,0,0,0,0,0,,,,,,,,,,,,0,0,0,0,0,0,0,0,0,0,0,0,0,0,0
Tue Oct 29 2024,0,0,0,0,0,0,0,0,0,0,0,0,0,0,0,0,0,,,,,,,,,,,,0,0,0,0,0,0,0,0,0,0,0,0,0,0,0
Wed Oct 30 2024,0,0,0,0,0,0,0,0,0,0,0,0,0,0,0,0,0,,,,,,,,,,,,0,0,0,0,0,0,0,0,0,0,0,0,0,0,0
Thu Oct 31 2024,0,0,0,0,0,0,0,0,0,0,0,0,0,0,0,0,0,,,,,,,,,,,,0,0,0,0,0,0,0,0,0,0,0,0,0,0,0
Fri Nov 01 2024,0,0,0,0,0,0,0,0,0,0,0,0,0,0,0,0,0,,,,,,,,,,,,0,0,0,0,0,0,0,0,0,0,0,0,0,0,0
Sat Nov 02 2024,0,0,0,0,0,0,0,0,0,0,0,0,0,0,0,0,0,,,,,,,,,,,,0,0,0,0,0,0,0,0,0,0,0,0,0,0,0
Sun Nov 03 2024,0,0,0,0,0,0,0,0,0,0,0,0,0,0,0,0,0,,,,,,,,,,,,0,0,0,0,0,0,0,0,0,0,0,0,0,0,0
Mon Nov 04 2024,6.27,0,123,771,34,9,27,11,0,14,324,0,0,0,0,2,58.54,,,,,,,,,,,,0,11,0,0,0,0,0,0,0,0,0,0,0,0,0
Tue Nov 05 2024,8.5,3,116,986,44,14,29,17,0,16,643,0,0,0,0,1,31.03,,,,,,,,,,,,4,13,0,0,0,0,0,0,0,0,0,0,0,0,0
Wed Nov 06 2024,6.02,1,138,831,44,13,30,14,0,10,274,0,0,0,0,1.5,39.13,,,,,,,,,,,,2,12,0,0,0,0,0,0,0,0,0,0,0,0,0
Thu Nov 07 2024,6.5,2,133,865,47,11,37,18,0,13,361,0,0,0,0,1.5,40.6,,,,,,,,,,,,4,14,0,0,0,0,0,0,0,0,0,0,0,0,0
Fri Nov 08 2024,0,0,0,0,0,0,0,0,0,0,0,0,0,0,0,0,0,,,,,,,,,,,,0,0,0,0,0,0,0,0,0,0,0,0,0,0,0
Sat Nov 09 2024,0,0,0,0,0,0,0,0,0,0,0,0,0,0,0,0,0,,,,,,,,,,,,0,0,0,0,0,0,0,0,0,0,0,0,0,0,0
Sun Nov 10 2024,0,1,0,0,0,0,0,0,0,0,0,0,0,0,0,0,0,,,,,,,,,,,,0,0,0,0,0,0,0,0,0,0,0,0,0,0,0
Mon Nov 11 2024,0,0,0,0,0,0,0,0,0,2,2,0,1,1,0,0,0,,,,,,,,,,,,0,0,0,0,0,0,0,0,0,0,0,0,0,0,0
Tue Nov 12 2024,0,0,0,0,0,0,0,0,0,0,0,0,0,0,0,0,0,,,,,,,,,,,,0,0,0,0,0,0,0,0,0,0,0,0,0,0,0
Wed Nov 13 2024,3.97,0,89,353,22,8,17,7,0,9,350,0,0,0,0,1,40.45,,,,,,,,,,,,2,5,0,0,0,0,0,0,0,0,0,0,0,0,0
Thu Nov 14 2024,0,0,0,0,0,0,0,0,0,0,0,0,0,0,0,0,0,,,,,,,,,,,,0,0,0,0,0,0,0,0,0,0,0,0,0,0,0
Fri Nov 15 2024,0,0,0,0,0,0,0,0,0,0,0,0,0,0,0,0,0,,,,,,,,,,,,0,0,0,0,0,0,0,0,0,0,0,0,0,0,0
Sat Nov 16 2024,0,0,0,0,0,0,0,0,0,0,0,0,1,1,0,0,0,,,,,,,,,,,,0,0,0,0,0,0,0,0,0,0,0,0,0,0,0
Sun Nov 17 2024,0,0,0,0,0,0,0,0,0,0,0,0,0,0,0,0,0,,,,,,,,,,,,0,0,0,0,0,0,0,0,0,0,0,0,0,0,0
Mon Nov 18 2024,8.21,0,112,919,31,12,27,12,0,12,439,0,0,0,0,1,32.14,,,,,,,,,,,,0,12,0,0,0,0,0,0,0,0,0,0,0,0,0
Tue Nov 19 2024,7.45,3,108,805,54,11,32,15,0,10,288,6,1,1,0,1,33.33,,,,,,,,,,,,4,11,0,0,0,0,0,0,0,0,0,0,0,0,0
Wed Nov 20 2024,7.98,0,147,1173,65,11,48,14,0,13,580,3,4,0,4,1.5,36.73,,,,,,,,,,,,1,13,0,0,0,0,0,0,0,0,0,0,0,0,0
Thu Nov 21 2024,5.26,0,98,515,42,11,27,11,0,9,133,0,1,1,0,1,36.73,,,,,,,,,,,,2,9,0,0,0,0,0,0,0,0,0,0,0,0,0
Fri Nov 22 2024,0,1,0,0,0,0,0,0,0,0,0,0,3,0,3,0,0,,,,,,,,,,,,0,0,0,0,0,0,0,0,0,0,0,0,0,0,0
Sat Nov 23 2024,0,0,0,0,0,0,0,0,0,0,0,0,1,1,0,0,0,,,,,,,,,,,,0,0,0,0,0,0,0,0,0,0,0,0,0,0,0
Sun Nov 24 2024,0,1,0,0,0,0,0,0,0,0,0,0,0,0,0,0,0,,,,,,,,,,,,0,0,0,0,0,0,0,0,0,0,0,0,0,0,0
Mon Nov 25 2024,7.14,1,108,771,45,13,34,13,0,10,131,0,0,0,0,1,33.33,,,,,,,,,,,,6,7,0,0,0,0,0,0,0,0,0,0,0,0,0
Tue Nov 26 2024,8.52,1,119,1014,84,14,57,16,0,11,531,0,0,0,0,1,30.25,,,,,,,,,,,,6,10,0,0,0,0,0,0,0,0,0,0,0,0,0
Wed Nov 27 2024,9.52,2,99,942,93,40,67,23,17.2,15,322,0,0,0,0,1,36.36,,,,,,,,,,,,3,20,0,0,0,0,0,0,0,0,0,0,0,0,0
Thu Nov 28 2024,7.29,5,104,758,89,12,56,16,0,16,450,0,3,3,0,1,34.62,,,,,,,,,,,,2,14,0,0,0,0,0,0,0,0,0,0,0,0,0
Fri Nov 29 2024,0,2,0,0,0,0,0,0,0,0,0,0,3,2,1,0,0,,,,,,,,,,,,0,0,0,0,0,0,0,0,0,0,0,0,0,0,0
Sat Nov 30 2024,0,1,0,0,0,0,0,0,0,1,4,0,0,0,0,0,0,,,,,,,,,,,,0,0,0,0,0,0,0,0,0,0,0,0,0,0,0
Sun Dec 01 2024,0,0,0,0,0,0,0,0,0,0,0,0,0,0,0,0,0,,,,,,,,,,,,0,0,0,0,0,0,0,0,0,0,0,0,0,0,0
Mon Dec 02 2024,7.91,4,104,823,85,15,62,14,0,15,440,0,2,0,2,1,34.62,,,,,,,,,,,,4,10,0,0,0,0,0,0,0,0,0,0,0,0,0
Tue Dec 03 2024,6.67,2,123,821,75,21,49,14,0,13,340,0,0,0,0,1,29.27,,,,,,,,,,,,2,12,0,0,0,0,0,0,0,0,0,0,0,0,0
Wed Dec 04 2024,11.44,0,102,1167,100,55,81,32,0,16,391,0,0,0,0,1,35.29,,,,,,,,,,,,14,18,0,0,0,0,0,0,0,0,0,0,0,0,0
Thu Dec 05 2024,8.39,0,94,780,65,14,45,14,0,12,639,0,0,0,0,1,38.3,,,,,,,,,,,,1,13,0,0,0,0,0,0,0,0,0,0,0,0,0
Fri Dec 06 2024,0,0,0,0,0,0,0,0,0,0,0,0,0,0,0,0,0,,,,,,,,,,,,0,0,0,0,0,0,0,0,0,0,0,0,0,0,0
Sat Dec 07 2024,0,0,0,0,0,0,0,0,0,0,0,0,0,0,0,0,0,,,,,,,,,,,,0,0,0,0,0,0,0,0,0,0,0,0,0,0,0
Sun Dec 08 2024,0,2,0,0,0,0,0,0,0,0,0,0,0,0,0,0,0,,,,,,,,,,,,0,0,0,0,0,0,0,0,0,0,0,0,0,0,0
Mon Dec 09 2024,10.88,2,101,1121,83,19,58,20,17.57,12,592,0,0,0,0,1,35.64,,,,,,,,,,,,9,11,0,0,0,0,0,0,0,0,0,0,0,0,0
Tue Dec 10 2024,4.8,0,101,485,54,8,26,10,0,8,144,1,3,3,0,1,35.64,,,,,,,,,,,,1,9,0,0,0,0,0,0,0,0,0,0,0,0,0
Wed Dec 11 2024,0,0,0,0,0,0,0,0,0,0,0,0,1,0,1,0,0,,,,,,,,,,,,0,0,0,0,0,0,0,0,0,0,0,0,0,0,0
Thu Dec 12 2024,8.46,1,96,812,47,17,39,14,0,14,293,0,1,0,1,1,37.5,,,,,,,,,,,,2,12,0,0,0,0,0,0,0,0,0,0,0,0,0
Fri Dec 13 2024,0,0,0,0,0,0,0,0,0,0,0,0,0,0,0,0,0,,,,,,,,,,,,0,0,0,0,0,0,0,0,0,0,0,0,0,0,0
Sat Dec 14 2024,0,1,0,0,0,0,0,0,0,0,0,0,0,0,0,0,0,,,,,,,,,,,,0,0,0,0,0,0,0,0,0,0,0,0,0,0,0
Sun Dec 15 2024,0,0,0,0,0,0,0,0,0,0,0,0,0,0,0,0,0,,,,,,,,,,,,0,0,0,0,0,0,0,0,0,0,0,0,0,0,0
Mon Dec 16 2024,7.07,1,127,898,62,12,35,17,0,13,425,0,1,0,1,1.5,42.52,,,,,,,,,,,,2,15,0,0,0,0,0,0,0,0,0,0,0,0,0
Tue Dec 17 2024,7.51,3,103,766,78,12,53,18,0,17,463,1,1,0,1,1,34.95,,,,,,,,,,,,5,13,0,0,0,0,0,0,0,0,0,0,0,0,0
Wed Dec 18 2024,5.02,0,121,608,46,10,33,12,0,14,320,0,0,0,0,1,29.75,,,,,,,,,,,,0,12,0,0,0,0,0,0,0,0,0,0,0,0,0
Thu Dec 19 2024,10.02,1,123,1233,64,17,45,24,0,20,393,0,2,0,2,1,29.27,,,,,,,,,,,,3,21,0,0,0,0,0,0,0,0,0,0,0,0,0
Fri Dec 20 2024,0,0,0,0,0,0,0,0,0,0,0,0,0,0,0,0,0,,,,,,,,,,,,0,0,0,0,0,0,0,0,0,0,0,0,0,0,0
Sat Dec 21 2024,0,1,0,0,0,0,0,0,0,0,0,0,0,0,0,0,0,,,,,,,,,,,,0,0,0,0,0,0,0,0,0,0,0,0,0,0,0
Sun Dec 22 2024,0,0,0,0,0,0,0,0,0,0,0,0,0,0,0,0,0,,,,,,,,,,,,0,0,0,0,0,0,0,0,0,0,0,0,0,0,0
Mon Dec 23 2024,7.89,0,114,900,37,12,26,11,0,13,440,0,0,0,0,1,31.58,,,,,,,,,,,,0,11,0,0,0,0,0,0,0,0,0,0,0,0,0
Tue Dec 24 2024,0,0,0,0,0,0,0,0,0,0,0,0,5,5,0,0,0,,,,,,,,,,,,0,0,0,0,0,0,0,0,0,0,0,0,0,0,0
Wed Dec 25 2024,0,2,0,0,0,0,0,0,0,0,0,0,0,0,0,0,0,,,,,,,,,,,,0,0,0,0,0,0,0,0,0,0,0,0,0,0,0
Thu Dec 26 2024,7.28,2,125,903,99,15,48,17,0,13,351,0,0,0,0,1,28.8,,,,,,,,,,,,1,16,0,0,0,0,0,0,0,0,0,0,0,0,0
Fri Dec 27 2024,0,0,0,0,0,0,0,0,0,0,0,0,0,0,0,0,0,,,,,,,,,,,,0,0,0,0,0,0,0,0,0,0,0,0,0,0,0
Sat Dec 28 2024,0,0,0,0,0,0,0,0,0,0,0,0,0,0,0,0,0,,,,,,,,,,,,0,0,0,0,0,0,0,0,0,0,0,0,0,0,0
Sun Dec 29 2024,0,0,0,0,0,0,0,0,0,0,0,0,1,1,0,0,0,,,,,,,,,,,,0,0,0,0,0,0,0,0,0,0,0,0,0,0,0
Mon Dec 30 2024,14.16,9,256,3625,158,23,93,30,0,19,250,0,1,1,0,2.5,35.16,,,,,,,,,,,,11,19,0,0,0,0,0,0,0,0,0,0,0,0,0
Tue Dec 31 2024,0,3,0,0,0,0,0,0,0,0,0,0,0,0,0,0,0,,,,,,,,,,,,0,0,0,0,0,0,0,0,0,0,0,0,0,0,0
Wed Jan 01 2025,0,0,0,0,0,0,0,0,0,0,0,0,0,0,0,0,0,,,,,,,,,,,,0,0,0,0,0,0,0,0,0,0,0,0,0,0,0
Thu Jan 02 2025,6.17,2,133,815,79,11,59,17,0,12,391,0,0,0,0,1.5,40.6,,,,,,,,,,,,2,15,0,0,0,0,0,0,0,0,0,0,0,0,0
Fri Jan 03 2025,0,0,0,0,0,0,0,0,0,0,0,0,0,0,0,0,0,,,,,,,,,,,,0,0,0,0,0,0,0,0,0,0,0,0,0,0,0
Sat Jan 04 2025,0,0,0,0,0,0,0,0,0,0,0,0,0,0,0,0,0,,,,,,,,,,,,0,0,0,0,0,0,0,0,0,0,0,0,0,0,0
Sun Jan 05 2025,0,1,0,0,0,0,0,0,0,0,0,0,0,0,0,0,0,,,,,,,,,,,,0,0,0,0,0,0,0,0,0,0,0,0,0,0,0
Mon Jan 06 2025,14.19,0,121,1703,88,20,55,26,0,17,536,0,0,0,0,1,29.75,,,,,,,,,,,,2,24,0,0,0,0,0,0,0,0,0,0,0,0,0
Tue Jan 07 2025,9.92,4,126,1250,87,17,77,20,0,15,423,0,0,0,0,1,28.57,,,,,,,,,,,,8,12,0,0,0,0,0,0,0,0,0,0,0,0,0
Wed Jan 08 2025,14.06,1,129,1828,110,52,84,25,17.89,17,684,0,0,0,0,1.5,41.86,,,,,,,,,,,,9,16,0,0,0,0,0,0,0,0,0,0,0,0,0
Thu Jan 09 2025,8.17,1,117,964,60,13,36,15,0,12,447,0,0,0,0,1,30.77,,,,,,,,,,,,1,14,0,0,0,0,0,0,0,0,0,0,0,0,0
Fri Jan 10 2025,0,0,0,0,0,0,0,0,0,0,0,0,1,0,1,0,0,,,,,,,,,,,,0,0,0,0,0,0,0,0,0,0,0,0,0,0,0
Sat Jan 11 2025,0,0,0,0,0,0,0,0,0,0,0,0,0,0,0,0,0,,,,,,,,,,,,0,0,0,0,0,0,0,0,0,0,0,0,0,0,0
Sun Jan 12 2025,0,1,0,0,0,0,0,0,0,0,0,0,0,0,0,0,0,,,,,,,,,,,,0,0,0,0,0,0,0,0,0,0,0,0,0,0,0
Mon Jan 13 2025,9.61,2,128,1230,95,19,66,20,0,18,377,0,0,0,0,1.5,42.19,,,,,,,,,,,,5,15,0,0,0,0,0,0,0,0,0,0,0,0,0
Tue Jan 14 2025,0,1,0,0,0,0,0,0,0,0,0,0,0,0,0,0,0,,,,,,,,,,,,0,0,0,0,0,0,0,0,0,0,0,0,0,0,0
Wed Jan 15 2025,11.61,1,127,1474,70,19,44,23,0,14,621,0,0,0,0,1.5,42.52,,,,,,,,,,,,5,18,0,0,0,0,0,0,0,0,0,0,0,0,0
Thu Jan 16 2025,10.47,2,132,1371,55,16,48,20,0,13,496,0,0,0,0,4,109.09,,,,,,,,,,,,2,18,0,0,0,0,0,0,0,0,0,0,0,0,0
Fri Jan 17 2025,0,0,0,0,0,0,0,0,0,0,0,0,0,0,0,0,0,,,,,,,,,,,,0,0,0,0,0,0,0,0,0,0,0,0,0,0,0
Sat Jan 18 2025,0,0,0,0,0,0,0,0,0,0,0,0,0,0,0,0,0,,,,,,,,,,,,0,0,0,0,0,0,0,0,0,0,0,0,0,0,0
Sun Jan 19 2025,0,0,0,0,0,0,0,0,0,0,0,0,0,0,0,0,0,,,,,,,,,,,,0,0,0,0,0,0,0,0,0,0,0,0,0,0,0
Mon Jan 20 2025,9.48,1,101,967,56,15,44,18,0,15,456,0,1,1,0,3,106.93,,,,,,,,,,,,2,16,0,0,0,0,0,0,0,0,0,0,0,0,0
Tue Jan 21 2025,8.35,0,93,777,42,14,36,15,0,15,385,0,0,0,0,3,116.13,,,,,,,,,,,,0,15,0,0,0,0,0,0,0,0,0,0,0,0,0
Wed Jan 22 2025,9.22,3,134,1236,56,15,42,16,0,14,512,0,0,0,0,4,107.46,,,,,,,,,,,,4,12,0,0,0,0,0,0,0,0,0,0,0,0,0
Thu Jan 23 2025,8.81,1,84,731,49,14,32,13,0,13,321,0,0,0,0,2,85.71,,,,,,,,,,,,0,13,0,0,0,0,0,0,0,0,0,0,0,0,0
Fri Jan 24 2025,0,0,0,0,0,0,0,0,0,0,0,0,0,0,0,0,0,,,,,,,,,,,,0,0,0,0,0,0,0,0,0,0,0,0,0,0,0
Sat Jan 25 2025,0,0,0,0,0,0,0,0,0,0,0,0,1,0,1,0,0,,,,,,,,,,,,0,0,0,0,0,0,0,0,0,0,0,0,0,0,0
Sun Jan 26 2025,0,0,0,0,0,0,0,0,0,0,0,0,0,0,0,0,0,,,,,,,,,,,,0,0,0,0,0,0,0,0,0,0,0,0,0,0,0
Mon Jan 27 2025,5.82,2,127,745,73,15,52,15,0,14,311,0,0,0,0,4,113.39,,,,,,,,,,,,3,12,0,0,0,0,0,0,0,0,0,0,0,0,0
Tue Jan 28 2025,0,1,0,0,0,0,0,0,0,1,1,0,0,0,0,0,0,,,,,,,,,,,,0,0,0,0,0,0,0,0,0,0,0,0,0,0,0
Wed Jan 29 2025,6.39,0,115,729,72,10,49,13,0,13,433,0,0,0,0,3,93.91,,,,,,,,,,,,3,10,0,0,0,0,0,0,0,0,0,0,0,0,0
Thu Jan 30 2025,0,0,0,0,0,0,0,0,0,0,0,0,0,0,0,0,0,,,,,,,,,,,,0,0,0,0,0,0,0,0,0,0,0,0,0,0,0
Fri Jan 31 2025,0,0,0,0,0,0,0,0,0,0,0,0,0,0,0,0,0,,,,,,,,,,,,0,0,0,0,0,0,0,0,0,0,0,0,0,0,0
Sat Feb 01 2025,0,0,0,0,0,0,0,0,0,0,0,0,0,0,0,0,0,,,,,,,,,,,,0,0,0,0,0,0,0,0,0,0,0,0,0,0,0
Sun Feb 02 2025,0,0,0,0,0,0,0,0,0,0,0,0,0,0,0,0,0,,,,,,,,,,,,0,0,0,0,0,0,0,0,0,0,0,0,0,0,0
Mon Feb 03 2025,0,1,0,0,0,0,0,0,0,0,0,0,0,0,0,0,0,,,,,,,,,,,,0,0,0,0,0,0,0,0,0,0,0,0,0,0,0
Tue Feb 04 2025,6.82,0,72,484,35,11,23,10,0,10,418,0,0,0,0,2,100,,,,,,,,,,,,0,10,0,0,0,0,0,0,0,0,0,0,0,0,0
Wed Feb 05 2025,0,0,0,0,0,0,0,0,0,0,0,0,0,0,0,0,0,,,,,,,,,,,,0,0,0,0,0,0,0,0,0,0,0,0,0,0,0
Thu Feb 06 2025,0,0,0,0,0,0,0,0,0,0,0,0,1,1,0,0,0,,,,,,,,,,,,0,0,0,0,0,0,0,0,0,0,0,0,0,0,0
Fri Feb 07 2025,0,0,0,0,0,0,0,0,0,0,0,0,0,0,0,0,0,,,,,,,,,,,,0,0,0,0,0,0,0,0,0,0,0,0,0,0,0
Sat Feb 08 2025,0,0,0,0,0,0,0,0,0,0,0,0,0,0,0,0,0,,,,,,,,,,,,0,0,0,0,0,0,0,0,0,0,0,0,0,0,0
Sun Feb 09 2025,0,0,0,0,0,0,0,0,0,0,0,0,0,0,0,0,0,,,,,,,,,,,,0,0,0,0,0,0,0,0,0,0,0,0,0,0,0
Mon Feb 10 2025,9.25,2,118,1092,52,13,40,17,0,14,448,0,0,0,0,3,91.53,,,,,,,,,,,,2,15,0,0,0,0,0,0,0,0,0,0,0,0,0
Tue Feb 11 2025,6.45,1,104,671,48,10,37,11,0,13,219,0,0,0,0,3,103.85,,,,,,,,,,,,2,9,0,0,0,0,0,0,0,0,0,0,0,0,0
Wed Feb 12 2025,0,0,0,0,0,0,0,0,0,0,0,0,0,0,0,0,0,,,,,,,,,,,,0,0,0,0,0,0,0,0,0,0,0,0,0,0,0
Thu Feb 13 2025,0,0,0,0,0,0,0,0,0,0,0,0,0,0,0,0,0,,,,,,,,,,,,0,0,0,0,0,0,0,0,0,0,0,0,0,0,0
Fri Feb 14 2025,0,0,0,0,0,0,0,0,0,0,0,0,0,0,0,0,0,,,,,,,,,,,,0,0,0,0,0,0,0,0,0,0,0,0,0,0,0
Sat Feb 15 2025,0,0,0,0,0,0,0,0,0,0,0,0,0,0,0,0,0,,,,,,,,,,,,0,0,0,0,0,0,0,0,0,0,0,0,0,0,0
Sun Feb 16 2025,0,0,0,0,0,0,0,0,0,0,0,0,0,0,0,0,0,,,,,,,,,,,,0,0,0,0,0,0,0,0,0,0,0,0,0,0,0
Mon Feb 17 2025,0,0,0,0,0,0,0,0,0,0,0,0,0,0,0,0,0,,,,,,,,,,,,0,0,0,0,0,0,0,0,0,0,0,0,0,0,0
Tue Feb 18 2025,0,0,0,0,0,0,0,0,0,0,0,0,0,0,0,0,0,,,,,,,,,,,,0,0,0,0,0,0,0,0,0,0,0,0,0,0,0
Wed Feb 19 2025,0,0,0,0,0,0,0,0,0,0,0,0,0,0,0,0,0,,,,,,,,,,,,0,0,0,0,0,0,0,0,0,0,0,0,0,0,0
Thu Feb 20 2025,0,0,0,0,0,0,0,0,0,0,0,0,0,0,0,0,0,,,,,,,,,,,,0,0,0,0,0,0,0,0,0,0,0,0,0,0,0
Fri Feb 21 2025,0,0,0,0,0,0,0,0,0,0,0,0,0,0,0,0,0,,,,,,,,,,,,0,0,0,0,0,0,0,0,0,0,0,0,0,0,0
Sat Feb 22 2025,0,0,0,0,0,0,0,0,0,0,0,0,0,0,0,0,0,,,,,,,,,,,,0,0,0,0,0,0,0,0,0,0,0,0,0,0,0
Sun Feb 23 2025,0,0,0,0,0,0,0,0,0,0,0,0,0,0,0,0,0,,,,,,,,,,,,0,0,0,0,0,0,0,0,0,0,0,0,0,0,0
Mon Feb 24 2025,9.2,2,85,791,50,14,25,15,0,15,499,1,0,0,0,2,84.71,,,,,,,,,,,,3,12,0,0,0,0,0,0,0,0,0,0,0,0,0
Tue Feb 25 2025,0,0,0,0,0,0,0,0,0,0,0,0,3,0,3,0,0,,,,,,,,,,,,0,0,0,0,0,0,0,0,0,0,0,0,0,0,0
Wed Feb 26 2025,7.3,2,79,577,50,13,34,11,0,13,359,0,1,0,1,2,91.14,,,,,,,,,,,,0,11,0,0,0,0,0,0,0,0,0,0,0,0,0
Thu Feb 27 2025,0,0,0,0,0,0,0,0,0,0,0,0,0,0,0,0,0,,,,,,,,,,,,0,0,0,0,0,0,0,0,0,0,0,0,0,0,0
Fri Feb 28 2025,0,1,0,0,0,0,0,0,0,0,0,0,2,0,2,0,0,,,,,,,,,,,,0,0,0,0,0,0,0,0,0,0,0,0,0,0,0
Sat Mar 01 2025,0,0,0,0,0,0,0,0,0,0,0,0,0,0,0,0,0,,,,,,,,,,,,0,0,0,0,0,0,0,0,0,0,0,0,0,0,0
Sun Mar 02 2025,0,0,0,0,0,0,0,0,0,0,0,0,0,0,0,0,0,,,,,,,,,,,,0,0,0,0,0,0,0,0,0,0,0,0,0,0,0
Mon Mar 03 2025,8.3,0,83,681,63,11,50,14,0,12,248,0,0,0,0,2,86.75,,,,,,,,,,,,1,13,0,0,0,0,0,0,0,0,0,0,0,0,0
Tue Mar 04 2025,10.9,3,109,1199,111,69,89,33,9.34,17,357,0,0,0,0,3,99.08,,,,,,,,,,,,16,17,0,0,0,0,0,0,0,0,0,0,0,0,0
Wed Mar 05 2025,8.35,1,81,676,75,19,50,15,0,13,279,1,0,0,0,2,88.89,,,,,,,,,,,,4,11,0,0,0,0,0,0,0,0,0,0,0,0,0
Thu Mar 06 2025,0,0,0,0,0,0,0,0,0,0,0,0,1,0,1,0,0,,,,,,,,,,,,0,0,0,0,0,0,0,0,0,0,0,0,0,0,0
Fri Mar 07 2025,0,0,0,0,0,0,0,0,0,0,0,0,2,0,2,0,0,,,,,,,,,,,,0,0,0,0,0,0,0,0,0,0,0,0,0,0,0
Sat Mar 08 2025,0,0,0,0,0,0,0,0,0,0,0,0,8,8,0,0,0,,,,,,,,,,,,0,0,0,0,0,0,0,0,0,0,0,0,0,0,0
Sun Mar 09 2025,0,0,0,0,0,0,0,0,0,0,0,3,5,1,4,0,0,,,,,,,,,,,,0,0,0,0,0,0,0,0,0,0,0,0,0,0,0
Mon Mar 10 2025,10.98,3,90,988,97,15,64,19,0,14,532,0,1,0,1,3,120,,,,,,,,,,,,2,17,0,0,0,0,0,0,0,0,0,0,0,0,0
Tue Mar 11 2025,8,2,86,688,49,13,36,12,0,13,390,0,1,0,1,2,83.72,,,,,,,,,,,,1,11,0,0,0,0,0,0,0,0,0,0,0,0,0
Wed Mar 12 2025,10.56,2,115,1204,69,18,57,18,0,10,634,0,0,0,0,3,93.91,,,,,,,,,,,,6,12,0,0,0,0,0,0,0,0,0,0,0,0,0
Thu Mar 13 2025,9,4,97,882,81,16,48,18,0,16,422,0,0,0,0,3,111.34,,,,,,,,,,,,6,12,0,0,0,0,0,0,0,0,0,0,0,0,0
Fri Mar 14 2025,0,1,0,0,0,0,0,0,0,0,0,0,0,0,0,0,0,,,,,,,,,,,,0,0,0,0,0,0,0,0,0,0,0,0,0,0,0
Sat Mar 15 2025,0,0,0,0,0,0,0,0,0,0,0,0,1,0,1,0,0,,,,,,,,,,,,0,0,0,0,0,0,0,0,0,0,0,0,0,0,0
Sun Mar 16 2025,0,0,0,0,0,0,0,0,0,0,0,0,0,0,0,0,0,,,,,,,,,,,,0,0,0,0,0,0,0,0,0,0,0,0,0,0,0
Mon Mar 17 2025,0,0,0,0,0,0,0,0,0,0,0,0,0,0,0,0,0,,,,,,,,,,,,0,0,0,0,0,0,0,0,0,0,0,0,0,0,0
Tue Mar 18 2025,12.6,5,97,1222,75,25,57,21,0.16,22,630,0,1,1,0,3,111.34,,,,,,,,,,,,4,17,0,0,0,0,0,0,0,0,0,0,0,0,0
Wed Mar 19 2025,7.59,1,94,706,49,12,35,12,0,11,332,0,0,0,0,3,114.89,,,,,,,,,,,,2,10,0,0,0,0,0,0,0,0,0,0,0,0,0
Thu Mar 20 2025,0,0,0,0,0,0,0,0,0,0,0,0,0,0,0,0,0,,,,,,,,,,,,0,0,0,0,0,0,0,0,0,0,0,0,0,0,0
Fri Mar 21 2025,0,0,0,0,0,0,0,0,0,0,0,0,0,0,0,0,0,,,,,,,,,,,,0,0,0,0,0,0,0,0,0,0,0,0,0,0,0
Sat Mar 22 2025,0,0,0,0,0,0,0,0,0,0,0,0,0,0,0,0,0,,,,,,,,,,,,0,0,0,0,0,0,0,0,0,0,0,0,0,0,0
Sun Mar 23 2025,0,1,0,0,0,0,0,0,0,0,0,0,0,0,0,0,0,,,,,,,,,,,,0,0,0,0,0,0,0,0,0,0,0,0,0,0,0
Mon Mar 24 2025,9.14,2,97,896,88,19,53,19,0,16,540,0,0,0,0,3,111.34,,,,,,,,,,,,7,12,0,0,0,0,0,0,0,0,0,0,0,0,0
Tue Mar 25 2025,0,0,0,0,0,0,0,0,0,0,0,0,0,0,0,0,0,,,,,,,,,,,,0,0,0,0,0,0,0,0,0,0,0,0,0,0,0
Wed Mar 26 2025,10.31,1,121,1248,126,17,80,20,0,18,573,0,0,0,0,3,89.26,,,,,,,,,,,,5,15,0,0,0,0,0,0,0,0,0,0,0,0,0
Thu Mar 27 2025,9.71,1,96,942,93,21,59,19,0,17,445,0,0,0,0,3,112.5,,,,,,,,,,,,3,16,0,0,0,0,0,0,0,0,0,0,0,0,0
Fri Mar 28 2025,0,0,0,0,0,0,0,0,0,0,0,0,1,1,0,0,0,,,,,,,,,,,,0,0,0,0,0,0,0,0,0,0,0,0,0,0,0
Sat Mar 29 2025,0,0,0,0,0,0,0,0,0,0,0,0,0,0,0,0,0,,,,,,,,,,,,0,0,0,0,0,0,0,0,0,0,0,0,0,0,0
Sun Mar 30 2025,0,0,0,0,0,0,0,0,0,0,0,0,0,0,0,0,0,,,,,,,,,,,,0,0,0,0,0,0,0,0,0,0,0,0,0,0,0
Mon Mar 31 2025,7.79,1,94,732,124,15,89,17,0,17,354,0,0,0,0,3,114.89,,,,,,,,,,,,3,14,0,0,0,0,0,0,0,0,0,0,0,0,0
Tue Apr 01 2025,9.16,2,90,834,109,23,83,20,9.23,15,424,0,0,0,0,3,120,,,,,,,,,,,,6,14,0,0,0,0,0,0,0,0,0,0,0,0,0
Wed Apr 02 2025,8.96,4,124,1111,140,14,77,18,0,17,457,0,0,0,0,3,87.1,,,,,,,,,,,,6,12,0,0,0,0,0,0,0,0,0,0,0,0,0
Thu Apr 03 2025,7.36,0,100,736,80,13,51,13,0,12,487,0,0,0,0,3,108,,,,,,,,,,,,0,13,0,0,0,0,0,0,0,0,0,0,0,0,0
Fri Apr 04 2025,0,1,0,0,0,0,0,0,0,1,1,0,0,0,0,0,0,,,,,,,,,,,,0,0,0,0,0,0,0,0,0,0,0,0,0,0,0
Sat Apr 05 2025,0,1,0,0,0,0,0,0,0,1,1,0,0,0,0,0,0,,,,,,,,,,,,0,0,0,0,0,0,0,0,0,0,0,0,0,0,0
Sun Apr 06 2025,0,0,0,0,0,0,0,0,0,0,0,0,0,0,0,0,0,,,,,,,,,,,,0,0,0,0,0,0,0,0,0,0,0,0,0,0,0
Mon Apr 07 2025,9.35,1,116,1085,83,17,56,15,0,14,706,0,0,0,0,3,93.1,,,,,,,,,,,,3,12,0,0,0,0,0,0,0,0,0,0,0,0,0
Tue Apr 08 2025,13.04,1,116,1513,147,21,73,20,0,18,758,2,2,0,2,3,93.1,,,,,,,,,,,,5,16,0,0,0,0,0,0,0,0,0,0,0,0,0
Wed Apr 09 2025,7.21,1,89,642,88,10,52,10,0,10,284,0,3,1,2,2,80.9,,,,,,,,,,,,2,8,0,0,0,0,0,0,0,0,0,0,0,0,0
Thu Apr 10 2025,10.86,3,104,1140,100,16,65,19,0,17,330,0,0,0,0,3,103.85,,,,,,,,,,,,3,16,0,0,0,0,0,0,0,0,0,0,0,0,0
Fri Apr 11 2025,0,0,0,0,0,0,0,0,0,0,0,0,0,0,0,0,0,,,,,,,,,,,,0,0,0,0,0,0,0,0,0,0,0,0,0,0,0
Sat Apr 12 2025,0,0,0,0,0,0,0,0,0,0,0,0,1,0,1,0,0,,,,,,,,,,,,0,0,0,0,0,0,0,0,0,0,0,0,0,0,0
Sun Apr 13 2025,0,0,0,0,0,0,0,0,0,0,0,0,0,0,0,0,0,,,,,,,,,,,,0,0,0,0,0,0,0,0,0,0,0,0,0,0,0
Mon Apr 14 2025,13.43,2,89,1195,94,23,73,21,0,18,461,0,0,0,0,3,121.35,,,,,,,,,,,,8,13,0,0,0,0,0,0,0,0,0,0,0,0,0
Tue Apr 15 2025,6.9,2,87,600,66,13,44,13,0,14,286,0,0,0,0,3,124.14,,,,,,,,,,,,2,11,0,0,0,0,0,0,0,0,0,0,0,0,0
Wed Apr 16 2025,7.79,1,107,833,83,13,62,13,0,13,482,0,6,6,0,3,100.93,,,,,,,,,,,,0,13,0,0,0,0,0,0,0,0,0,0,0,0,0
Thu Apr 17 2025,11.21,1,131,1469,110,18,63,23,0,16,530,0,1,0,1,4,109.92,,,,,,,,,,,,4,19,0,0,0,0,0,0,0,0,0,0,0,0,0
Fri Apr 18 2025,0,0,0,0,0,0,0,0,0,0,0,0,1,1,0,0,0,,,,,,,,,,,,0,0,0,0,0,0,0,0,0,0,0,0,0,0,0
Sat Apr 19 2025,0,0,0,0,0,0,0,0,0,0,0,0,0,0,0,0,0,,,,,,,,,,,,0,0,0,0,0,0,0,0,0,0,0,0,0,0,0
Sun Apr 20 2025,0,0,0,0,0,0,0,0,0,0,0,0,0,0,0,0,0,,,,,,,,,,,,0,0,0,0,0,0,0,0,0,0,0,0,0,0,0
Mon Apr 21 2025,18.41,10,108,2007,158,70,133,37,11.31,28,365,0,0,0,0,3,100,,,,,,,,,,,,17,20,0,0,0,0,0,0,0,0,0,0,0,0,0
Tue Apr 22 2025,10.08,1,113,1139,67,15,53,13,0,12,579,0,1,1,0,6,191.15,,,,,,,,,,,,2,11,0,0,0,0,0,0,0,0,0,0,0,0,0
Wed Apr 23 2025,14.01,3,154,2158,165,22,102,24,0,20,494,0,0,0,0,7.5,175.32,,,,,,,,,,,,6,18,0,0,0,0,0,0,0,0,0,0,0,0,0
Thu Apr 24 2025,9.52,1,147,1400,120,15,84,17,0,15,286,0,0,0,0,7.5,183.67,,,,,,,,,,,,1,16,0,0,0,0,0,0,0,0,0,0,0,0,0
Fri Apr 25 2025,0,0,0,0,0,0,0,0,0,1,1,0,0,0,0,0,0,,,,,,,,,,,,0,0,0,0,0,0,0,0,0,0,0,0,0,0,0
Sat Apr 26 2025,0,0,0,0,0,0,0,0,0,0,0,0,0,0,0,0,0,,,,,,,,,,,,0,0,0,0,0,0,0,0,0,0,0,0,0,0,0
Sun Apr 27 2025,0,0,0,0,0,0,0,0,0,0,0,0,0,0,0,0,0,,,,,,,,,,,,0,0,0,0,0,0,0,0,0,0,0,0,0,0,0
Mon Apr 28 2025,10.8,3,112,1231,146,18,95,19,0,14,403,0,0,0,0,6,192.86,,,,,,,,,,,,4,15,0,0,0,0,0,0,0,0,0,0,0,0,0
Tue Apr 29 2025,7.87,1,90,716,93,13,61,17,0,14,297,0,0,0,0,4.5,180,,,,,,,,,,,,4,13,0,0,0,0,0,0,0,0,0,0,0,0,0
Wed Apr 30 2025,5.87,0,116,681,70,11,46,9,0,7,242,0,0,0,0,6,186.21,,,,,,,,,,,,1,8,0,0,0,0,0,0,0,0,0,0,0,0,0
Thu May 01 2025,9.23,2,81,748,63,15,51,16,0,14,471,0,0,0,0,4.5,200,,,,,,,,,,,,5,11,0,0,0,0,0,0,0,0,0,0,0,0,0
Fri May 02 2025,0,0,0,0,0,0,0,0,0,0,0,0,0,0,0,0,0,,,,,,,,,,,,0,0,0,0,0,0,0,0,0,0,0,0,0,0,0
Sat May 03 2025,0,0,0,0,0,0,0,0,0,1,4,0,0,0,0,0,0,,,,,,,,,,,,0,0,0,0,0,0,0,0,0,0,0,0,0,0,0
Sun May 04 2025,0,0,0,0,0,0,0,0,0,0,0,0,0,0,0,0,0,,,,,,,,,,,,0,0,0,0,0,0,0,0,0,0,0,0,0,0,0
Mon May 05 2025,20.38,4,126,2568,157,32,108,37,0,16,445,0,1,1,0,6,171.43,,,,,,,,,,,,15,22,0,0,0,0,0,0,0,0,0,0,0,0,0
Tue May 06 2025,5.92,0,52,314,75,15,24,10,0,10,237,1,7,0,7,3,207.69,,,,,,,,,,,,0,10,0,0,0,0,0,0,0,0,0,0,0,0,0
Wed May 07 2025,13.4,2,177,2371,188,23,111,26,0,18,565,0,0,0,0,9,183.05,,,,,,,,,,,,8,18,0,0,0,0,0,0,0,0,0,0,0,0,0
Thu May 08 2025,9.12,2,118,1076,113,17,86,17,0,18,514,0,0,0,0,6,183.05,,,,,,,,,,,,1,16,0,0,0,0,0,0,0,0,0,0,0,0,0
Fri May 09 2025,0,0,0,0,0,0,0,0,0,0,0,0,1,0,1,0,0,,,,,,,,,,,,0,0,0,0,0,0,0,0,0,0,0,0,0,0,0
Sat May 10 2025,0,0,0,0,0,0,0,0,0,0,0,0,0,0,0,0,0,,,,,,,,,,,,0,0,0,0,0,0,0,0,0,0,0,0,0,0,0
Sun May 11 2025,0,0,0,0,0,0,0,0,0,0,0,0,0,0,0,0,0,,,,,,,,,,,,0,0,0,0,0,0,0,0,0,0,0,0,0,0,0
Mon May 12 2025,10.86,2,104,1129,110,19,72,16,0,17,492,0,0,0,0,6,207.69,,,,,,,,,,,,1,15,0,0,0,0,0,0,0,0,0,0,0,0,0
Tue May 13 2025,7.92,2,115,911,76,12,47,17,0,10,240,0,0,0,0,6,187.83,,,,,,,,,,,,7,10,0,0,0,0,0,0,0,0,0,0,0,0,0
Wed May 14 2025,10.72,0,95,1029,72,17,53,18,0,14,314,0,1,1,0,4.5,170.53,,,,,,,,,,,,1,17,0,0,0,0,0,0,0,0,0,0,0,0,0
Thu May 15 2025,10.1,1,110,1101,84,15,48,15,0,14,397,0,0,0,0,6,196.36,,,,,,,,,,,,1,14,0,0,0,0,0,0,0,0,0,0,0,0,0
Fri May 16 2025,0,0,0,0,0,0,0,0,0,0,0,0,0,0,0,0,0,,,,,,,,,,,,0,0,0,0,0,0,0,0,0,0,0,0,0,0,0
Sat May 17 2025,0,1,0,0,0,0,0,0,0,1,1,0,1,1,0,0,0,,,,,,,,,,,,0,0,0,0,0,0,0,0,0,0,0,0,0,0,0
Sun May 18 2025,0,2,0,0,0,0,0,0,0,1,2,0,0,0,0,0,0,,,,,,,,,,,,0,0,0,0,0,0,0,0,0,0,0,0,0,0,0
Mon May 19 2025,7.04,1,96,676,111,13,71,13,0,13,429,0,0,0,0,4.5,168.75,,,,,,,,,,,,2,11,0,0,0,0,0,0,0,0,0,0,0,0,0
Tue May 20 2025,15.5,4,139,2186,139,25,85,34,0,14,275,0,1,0,1,7.5,194.24,,,,,,,,,,,,16,18,0,0,0,0,0,0,0,0,0,0,0,0,0
Wed May 21 2025,29.16,7,134,3907,264,76,179,52,24.37,24,552,0,0,0,0,7.5,201.49,,,,,,,,,,,,30,22,0,0,0,0,0,0,0,0,0,0,0,0,0
Thu May 22 2025,14.22,1,148,2105,152,22,97,34,0,14,359,0,0,0,0,7.5,182.43,,,,,,,,,,,,15,19,0,0,0,0,0,0,0,0,0,0,0,0,0
Fri May 23 2025,0,1,0,0,0,0,0,0,0,1,1,0,0,0,0,0,0,,,,,,,,,,,,0,0,0,0,0,0,0,0,0,0,0,0,0,0,0
Sat May 24 2025,0,1,0,0,0,0,0,0,0,1,1,0,0,0,0,0,0,,,,,,,,,,,,0,0,0,0,0,0,0,0,0,0,0,0,0,0,0
Sun May 25 2025,0,1,0,0,0,0,0,0,0,1,1,0,1,1,0,0,0,,,,,,,,,,,,0,0,0,0,0,0,0,0,0,0,0,0,0,0,0
Mon May 26 2025,5.56,1,124,689,121,11,84,16,0,10,350,0,0,0,0,6,174.19,,,,,,,,,,,,1,15,0,0,0,0,0,0,0,0,0,0,0,0,0
Tue May 27 2025,11.07,4,107,1184,133,20,90,22,0,18,558,0,0,0,0,6,201.87,,,,,,,,,,,,10,12,0,0,0,0,0,0,0,0,0,0,0,0,0
Wed May 28 2025,8.74,1,116,1014,99,14,76,16,0,14,470,1,0,0,0,6,186.21,,,,,,,,,,,,2,14,0,0,0,0,0,0,0,0,0,0,0,0,0
Thu May 29 2025,7.35,2,126,933,162,13,112,18,0,16,277,0,1,0,1,6,171.43,,,,,,,,,,,,5,13,0,0,0,0,0,0,0,0,0,0,0,0,0
Fri May 30 2025,0,1,0,0,0,0,0,0,0,1,1,0,0,0,0,0,0,,,,,,,,,,,,0,0,0,0,0,0,0,0,0,0,0,0,0,0,0
Sat May 31 2025,0,0,0,0,0,0,0,0,0,0,0,0,1,0,1,0,0,,,,,,,,,,,,0,0,0,0,0,0,0,0,0,0,0,0,0,0,0
Sun Jun 01 2025,0,0,0,0,0,0,0,0,0,0,0,0,0,0,0,0,0,,,,,,,,,,,,0,0,0,0,0,0,0,0,0,0,0,0,0,0,0
Mon Jun 02 2025,10.26,0,118,1211,103,18,66,20,0,16,394,0,0,0,0,6,183.05,,,,,,,,,,,,0,20,0,0,0,0,0,0,0,0,0,0,0,0,0
Tue Jun 03 2025,8.49,1,120,1019,121,14,68,19,0,13,432,0,0,0,0,7.5,225,,,,,,,,,,,,1,18,0,0,0,0,0,0,0,0,0,0,0,0,0
Wed Jun 04 2025,12.21,4,159,1929,149,21,103,18,0,18,635,0,1,1,0,9,203.77,,,,,,,,,,,,2,16,0,0,0,0,0,0,0,0,0,0,0,0,0
Thu Jun 05 2025,6.37,1,97,618,139,21,100,17,0,13,168,0,1,1,0,6,222.68,,,,,,,,,,,,7,10,0,0,0,0,0,0,0,0,0,0,0,0,0
Fri Jun 06 2025,0,0,0,0,0,0,0,0,0,0,0,0,0,0,0,0,0,,,,,,,,,,,,0,0,0,0,0,0,0,0,0,0,0,0,0,0,0
Sat Jun 07 2025,0,0,0,0,0,0,0,0,0,0,0,0,0,0,0,0,0,,,,,,,,,,,,0,0,0,0,0,0,0,0,0,0,0,0,0,0,0
Sun Jun 08 2025,0,0,0,0,0,0,0,0,0,0,0,0,0,0,0,0,0,,,,,,,,,,,,0,0,0,0,0,0,0,0,0,0,0,0,0,0,0
Mon Jun 09 2025,0,0,0,0,0,0,0,0,0,1,1,0,0,0,0,0,0,,,,,,,,,,,,0,0,0,0,0,0,0,0,0,0,0,0,0,0,0
Tue Jun 10 2025,0,0,0,0,0,0,0,0,0,0,0,0,0,0,0,0,0,,,,,,,,,,,,0,0,0,0,0,0,0,0,0,0,0,0,0,0,0
Wed Jun 11 2025,6.24,1,149,930,61,10,45,12,0,13,450,0,0,0,0,7.5,181.21,,,,,,,,,,,,1,11,0,0,0,0,0,0,0,0,0,0,0,0,0
Thu Jun 12 2025,8.46,1,93,787,65,18,51,18,0,12,261,0,1,1,0,4.5,174.19,,,,,,,,,,,,3,15,0,0,0,0,0,0,0,0,0,0,0,0,0
Fri Jun 13 2025,0,0,0,0,0,0,0,0,0,0,0,0,0,0,0,0,0,,,,,,,,,,,,0,0,0,0,0,0,0,0,0,0,0,0,0,0,0
Sat Jun 14 2025,0,0,0,0,0,0,0,0,0,0,0,0,0,0,0,0,0,,,,,,,,,,,,0,0,0,0,0,0,0,0,0,0,0,0,0,0,0
Sun Jun 15 2025,0,0,0,0,0,0,0,0,0,0,0,0,0,0,0,0,0,,,,,,,,,,,,0,0,0,0,0,0,0,0,0,0,0,0,0,0,0
Mon Jun 16 2025,0,0,0,0,0,0,0,0,0,0,0,0,0,0,0,0,0,,,,,,,,,,,,0,0,0,0,0,0,0,0,0,0,0,0,0,0,0
Tue Jun 17 2025,0,0,0,0,0,0,0,0,0,0,0,0,0,0,0,0,0,,,,,,,,,,,,0,0,0,0,0,0,0,0,0,0,0,0,0,0,0
Wed Jun 18 2025,8.51,1,100,842,130,14,100,16,0,14,378,0,1,1,0,6,216,,,,,,,,,,,,2,14,0,0,0,0,0,0,0,0,0,0,0,0,0
Thu Jun 19 2025,4.96,0,82,407,49,9,42,7,0,11,74,0,0,0,0,4.5,197.56,,,,,,,,,,,,0,7,0,0,0,0,0,0,0,0,0,0,0,0,0
Fri Jun 20 2025,0,0,0,0,0,0,0,0,0,0,0,0,0,0,0,0,0,,,,,,,,,,,,0,0,0,0,0,0,0,0,0,0,0,0,0,0,0
Sat Jun 21 2025,0,0,0,0,0,0,0,0,0,0,0,0,0,0,0,0,0,,,,,,,,,,,,0,0,0,0,0,0,0,0,0,0,0,0,0,0,0
Sun Jun 22 2025,0,0,0,0,0,0,0,0,0,0,0,0,0,0,0,0,0,,,,,,,,,,,,0,0,0,0,0,0,0,0,0,0,0,0,0,0,0
Mon Jun 23 2025,8.17,2,103,842,77,13,60,16,0,15,383,0,0,0,0,6,209.71,,,,,,,,,,,,4,12,0,0,0,0,0,0,0,0,0,0,0,0,0
Tue Jun 24 2025,9.05,0,94,851,81,15,54,13,0,12,430,0,0,0,0,4.5,172.34,,,,,,,,,,,,1,12,0,0,0,0,0,0,0,0,0,0,0,0,0
Wed Jun 25 2025,5.77,0,98,565,40,12,28,9,0,12,278,0,0,0,0,6,220.41,,,,,,,,,,,,0,9,0,0,0,0,0,0,0,0,0,0,0,0,0
Thu Jun 26 2025,4.64,0,95,436,60,10,44,8,0,11,198,0,0,0,0,4.5,170.53,,,,,,,,,,,,2,6,0,0,0,0,0,0,0,0,0,0,0,0,0
Fri Jun 27 2025,0,0,0,0,0,0,0,0,0,0,0,0,0,0,0,0,0,,,,,,,,,,,,0,0,0,0,0,0,0,0,0,0,0,0,0,0,0
Sat Jun 28 2025,0,0,0,0,0,0,0,0,0,2,2,0,0,0,0,0,0,,,,,,,,,,,,0,0,0,0,0,0,0,0,0,0,0,0,0,0,0
Sun Jun 29 2025,0,1,0,0,0,0,0,0,0,1,1,0,0,0,0,0,0,,,,,,,,,,,,0,0,0,0,0,0,0,0,0,0,0,0,0,0,0
Mon Jun 30 2025,11.35,2,75,840,68,30,60,21,36.9,14,309,0,0,0,0,4.5,216,,,,,,,,,,,,7,14,0,0,0,0,0,0,0,0,0,0,0,0,0
Tue Jul 01 2025,4.32,2,92,397,35,7,25,4,0,7,341,0,0,0,0,4.5,176.09,,,,,,,,,,,,0,4,0,0,0,0,0,0,0,0,0,0,0,0,0
Wed Jul 02 2025,10.13,2,77,790,64,16,49,16,0,13,160,0,0,0,0,4.5,210.39,,,,,,,,,,,,2,14,0,0,0,0,0,0,0,0,0,0,0,0,0
Thu Jul 03 2025,12.39,6,147,1834,115,25,84,26,0,19,480,0,0,0,0,7.5,183.67,,,,,,,,,,,,7,19,0,0,0,0,0,0,0,0,0,0,0,0,0
Fri Jul 04 2025,0,1,0,0,0,0,0,0,0,1,1,0,0,0,0,0,0,,,,,,,,,,,,0,0,0,0,0,0,0,0,0,0,0,0,0,0,0
Sat Jul 05 2025,0,2,0,0,0,0,0,0,0,1,1,0,3,1,2,0,0,,,,,,,,,,,,0,0,0,0,0,0,0,0,0,0,0,0,0,0,0
Sun Jul 06 2025,33.14,14,274,9079,409,51,253,83,11.05,33,1350,2,0,0,0,13.5,177.37,,,,,,,,,,,,46,37,0,0,0,0,0,0,0,0,0,0,0,0,0
Mon Jul 07 2025,7.61,1,78,586,79,12,63,13,0.17,10,257,0,2,1,1,4.5,207.69,,,,,,,,,,,,3,10,0,0,0,0,0,0,0,0,0,0,0,0,0
Tue Jul 08 2025,9.55,1,106,1012,88,14,69,12,0,10,406,0,1,0,1,6,203.77,,,,,,,,,,,,2,10,0,0,0,0,0,0,0,0,0,0,0,0,0
Wed Jul 09 2025,12.72,1,183,2328,144,20,97,24,0,19,775,0,5,4,1,9,177.05,,,,,,,,,,,,5,19,0,0,0,0,0,0,0,0,0,0,0,0,0
Thu Jul 10 2025,8.74,2,114,996,101,13,71,19,0,15,526,1,2,1,1,6,189.47,,,,,,,,,,,,3,16,0,0,0,0,0,0,0,0,0,0,0,0,0
Fri Jul 11 2025,0,0,0,0,0,0,0,0,0,0,0,0,3,3,0,0,0,,,,,,,,,,,,0,0,0,0,0,0,0,0,0,0,0,0,0,0,0
Sat Jul 12 2025,0,0,0,0,0,0,0,0,0,0,0,0,1,1,0,0,0,,,,,,,,,,,,0,0,0,0,0,0,0,0,0,0,0,0,0,0,0
Sun Jul 13 2025,0,0,0,0,0,0,0,0,0,0,0,0,0,0,0,0,0,,,,,,,,,,,,0,0,0,0,0,0,0,0,0,0,0,0,0,0,0
Mon Jul 14 2025,9.68,1,113,1094,70,15,47,14,0,11,285,0,1,1,0,6,191.15,,,,,,,,,,,,1,13,0,0,0,0,0,0,0,0,0,0,0,0,0
Tue Jul 15 2025,9.16,0,121,1108,94,13,49,13,0,13,354,0,4,4,0,6,178.51,,,,,,,,,,,,0,13,0,0,0,0,0,0,0,0,0,0,0,0,0
Wed Jul 16 2025,25.42,3,150,3813,188,108,149,56,36.03,16,857,0,0,0,0,7.5,180,,,,,,,,,,,,38,18,0,0,0,0,0,0,0,0,0,0,0,0,0
Thu Jul 17 2025,12.08,4,119,1437,81,23,57,19,0,17,418,0,0,0,0,6,181.51,,,,,,,,,,,,5,14,0,0,0,0,0,0,0,0,0,0,0,0,0
Fri Jul 18 2025,0,0,0,0,0,0,0,0,0,0,0,0,1,1,0,0,0,,,,,,,,,,,,0,0,0,0,0,0,0,0,0,0,0,0,0,0,0
Sat Jul 19 2025,0,0,0,0,0,0,0,0,0,0,0,0,0,0,0,0,0,,,,,,,,,,,,0,0,0,0,0,0,0,0,0,0,0,0,0,0,0
Sun Jul 20 2025,0,7,0,0,0,0,0,0,0,1,7,0,1,1,0,0,0,,,,,,,,,,,,0,0,0,0,0,0,0,0,0,0,0,0,0,0,0
Mon Jul 21 2025,6.46,3,82,523,59,10,43,11,0,11,65,0,1,1,0,4.5,197.56,,,,,,,,,,,,0,11,0,0,0,0,0,0,0,0,0,0,0,0,0
Tue Jul 22 2025,7.75,1,118,914,61,11,47,10,0,10,276,0,0,0,0,6,183.05,,,,,,,,,,,,1,9,0,0,0,0,0,0,0,0,0,0,0,0,0
Wed Jul 23 2025,7.34,6,134,983,68,11,50,12,0,14,523,0,0,0,0,6,161.19,,,,,,,,,,,,3,9,0,0,0,0,0,0,0,0,0,0,0,0,0
Thu Jul 24 2025,8.9,1,104,917,60,12,45,15,0,10,418,0,0,0,0,6,207.69,,,,,,,,,,,,5,10,0,0,0,0,0,0,0,0,0,0,0,0,0
Fri Jul 25 2025,0,0,0,0,0,0,0,0,0,0,0,0,0,0,0,0,0,,,,,,,,,,,,0,0,0,0,0,0,0,0,0,0,0,0,0,0,0
Sat Jul 26 2025,0,1,0,0,0,0,0,0,0,1,2,0,0,0,0,0,0,,,,,,,,,,,,0,0,0,0,0,0,0,0,0,0,0,0,0,0,0
Sun Jul 27 2025,0,0,0,0,0,0,0,0,0,0,0,0,0,0,0,0,0,,,,,,,,,,,,0,0,0,0,0,0,0,0,0,0,0,0,0,0,0
Mon Jul 28 2025,9.58,1,92,881,60,16,36,19,0,14,490,0,1,0,1,6,234.78,,,,,,,,,,,,4,15,0,0,0,0,0,0,0,0,0,0,0,0,0
Tue Jul 29 2025,5.16,0,117,604,37,9,24,8,0,6,368,1,5,0,5,6,184.62,,,,,,,,,,,,0,8,0,0,0,0,0,0,0,0,0,0,0,0,0
Wed Jul 30 2025,0,0,0,0,0,0,0,0,0,0,0,0,1,0,1,0,0,,,,,,,,,,,,0,0,0,0,0,0,0,0,0,0,0,0,0,0,0
Thu Jul 31 2025,7.48,0,96,718,35,13,26,9,0,9,227,0,0,0,0,4.5,168.75,,,,,,,,,,,,0,9,0,0,0,0,0,0,0,0,0,0,0,0,0
Fri Aug 01 2025,0,1,0,0,0,0,0,0,0,1,1,0,0,0,0,0,0,,,,,,,,,,,,0,0,0,0,0,0,0,0,0,0,0,0,0,0,0
Sat Aug 02 2025,0,1,0,0,0,0,0,0,0,1,1,0,1,1,0,0,0,,,,,,,,,,,,0,0,0,0,0,0,0,0,0,0,0,0,0,0,0
Sun Aug 03 2025,0,1,0,0,0,0,0,0,0,1,1,0,0,0,0,0,0,,,,,,,,,,,,0,0,0,0,0,0,0,0,0,0,0,0,0,0,0
Mon Aug 04 2025,11.63,6,109,1268,80,19,59,25,0,18,483,0,0,0,0,6,198.17,,,,,,,,,,,,9,16,0,0,0,0,0,0,0,0,0,0,0,0,0
Tue Aug 05 2025,6.78,4,98,658,80,12,52,13,0,13,230,0,0,0,0,6,220.41,,,,,,,,,,,,2,11,0,0,0,0,0,0,0,0,0,0,0,0,0
Wed Aug 06 2025,5.59,0,111,621,29,9,23,9,0,11,151,0,0,0,0,6,194.59,,,,,,,,,,,,0,9,0,0,0,0,0,0,0,0,0,0,0,0,0
Thu Aug 07 2025,6.57,0,115,755,55,9,37,10,0,11,223,0,0,0,0,6,187.83,,,,,,,,,,,,0,10,0,0,0,0,0,0,0,0,0,0,0,0,0
Fri Aug 08 2025,0,0,0,0,0,0,0,0,0,0,0,0,0,0,0,0,0,,,,,,,,,,,,0,0,0,0,0,0,0,0,0,0,0,0,0,0,0
Sat Aug 09 2025,0,0,0,0,0,0,0,0,0,0,0,0,4,4,0,0,0,,,,,,,,,,,,0,0,0,0,0,0,0,0,0,0,0,0,0,0,0
Sun Aug 10 2025,0,0,0,0,0,0,0,0,0,0,0,0,0,0,0,0,0,,,,,,,,,,,,0,0,0,0,0,0,0,0,0,0,0,0,0,0,0
Mon Aug 11 2025,0,0,0,0,0,0,0,0,0,0,0,0,0,0,0,0,0,,,,,,,,,,,,0,0,0,0,0,0,0,0,0,0,0,0,0,0,0
Tue Aug 12 2025,0,0,0,0,0,0,0,0,0,0,0,0,0,0,0,0,0,,,,,,,,,,,,0,0,0,0,0,0,0,0,0,0,0,0,0,0,0
Wed Aug 13 2025,0,0,0,0,0,0,0,0,0,0,0,0,0,0,0,0,0,,,,,,,,,,,,0,0,0,0,0,0,0,0,0,0,0,0,0,0,0
Thu Aug 14 2025,0,0,0,0,0,0,0,0,0,0,0,0,0,0,0,0,0,,,,,,,,,,,,0,0,0,0,0,0,0,0,0,0,0,0,0,0,0
Fri Aug 15 2025,0,0,0,0,0,0,0,0,0,0,0,0,0,0,0,0,0,,,,,,,,,,,,0,0,0,0,0,0,0,0,0,0,0,0,0,0,0
Sat Aug 16 2025,0,0,0,0,0,0,0,0,0,0,0,0,0,0,0,0,0,,,,,,,,,,,,0,0,0,0,0,0,0,0,0,0,0,0,0,0,0
Sun Aug 17 2025,0,0,0,0,0,0,0,0,0,0,0,0,4,0,4,0,0,,,,,,,,,,,,0,0,0,0,0,0,0,0,0,0,0,0,0,0,0
Mon Aug 18 2025,6.62,1,111,728,37,10,27,11,0,11,358,0,1,0,1,6,194.59,,,,,,,,,,,,0,11,0,0,0,0,0,0,0,0,0,0,0,0,0
Tue Aug 19 2025,6.45,1,117,755,68,12,49,18,0,14,350,0,0,0,0,6,184.62,,,,,,,,,,,,3,15,0,0,0,0,0,0,0,0,0,0,0,0,0
Wed Aug 20 2025,4.9,0,151,740,60,10,35,11,0,10,270,0,0,0,0,9,214.57,,,,,,,,,,,,0,11,0,0,0,0,0,0,0,0,0,0,0,0,0
Thu Aug 21 2025,7.24,2,91,659,66,12,42,14,0,12,235,0,0,0,0,4.5,178.02,,,,,,,,,,,,4,10,0,0,0,0,0,0,0,0,0,0,0,0,0
Fri Aug 22 2025,0,0,0,0,0,0,0,0,0,0,0,0,0,0,0,0,0,,,,,,,,,,,,0,0,0,0,0,0,0,0,0,0,0,0,0,0,0
Sat Aug 23 2025,0,1,0,0,0,0,0,0,0,1,1,0,0,0,0,0,0,,,,,,,,,,,,0,0,0,0,0,0,0,0,0,0,0,0,0,0,0
Sun Aug 24 2025,0,0,0,0,0,0,0,0,0,0,0,0,0,0,0,0,0,,,,,,,,,,,,0,0,0,0,0,0,0,0,0,0,0,0,0,0,0
Mon Aug 25 2025,20.31,4,99,1990,109,47,88,41,6.58,17,224,0,0,0,0,6,218.18,,,,,,,,,,,,24,17,0,0,0,0,0,0,0,0,0,0,0,0,0
Tue Aug 26 2025,3.53,0,111,392,37,6,33,7,0,9,163,0,0,0,0,6,194.59,,,,,,,,,,,,0,7,0,0,0,0,0,0,0,0,0,0,0,0,0
Wed Aug 27 2025,4.61,2,173,797,81,7,61,7,0,9,377,0,0,0,0,9,187.28,,,,,,,,,,,,2,5,0,0,0,0,0,0,0,0,0,0,0,0,0
Thu Aug 28 2025,0,0,0,0,0,0,0,0,0,0,0,0,0,0,0,0,0,,,,,,,,,,,,0,0,0,0,0,0,0,0,0,0,0,0,0,0,0
Fri Aug 29 2025,0,0,0,0,0,0,0,0,0,0,0,0,0,0,0,0,0,,,,,,,,,,,,0,0,0,0,0,0,0,0,0,0,0,0,0,0,0
Sat Aug 30 2025,0,0,0,0,0,0,0,0,0,0,0,0,0,0,0,0,0,,,,,,,,,,,,0,0,0,0,0,0,0,0,0,0,0,0,0,0,0